Scenario,Solver,Objective,Runtime (s),Assignments,Production (m³),Mobilisation Cost (CAD)
Tiny7 (ground-based),SA,4295.77,25.13,23,4414.70,585.64
Tiny7 (ground-based),ILS,4338.52,28.00,23,4414.70,372.68
Tiny7 (ground-based),TABU,4338.52,245.50,23,4414.70,372.68
Small21 (ground-based),SA,15584.16,53.06,90,15966.97,1871.80
Small21 (ground-based),ILS,15605.94,56.32,90,15966.97,1764.12
Small21 (ground-based),TABU,15595.28,315.61,90,15966.97,1815.92
Med42 (ground-based),SA,24130.32,911.22,214,32984.91,7292.52
Med42 (ground-based),ILS,24329.17,1212.70,214,33361.75,8402.20
Med42 (ground-based),TABU,24163.37,5387.72,218,33463.63,9141.32
Synthetic-small,SA,-39.79,62.53,69,0.00,0.00
Synthetic-small,ILS,-39.79,44.46,69,0.00,0.00
Synthetic-small,TABU,-39.79,460.96,69,0.00,0.00
