day,shift_id,machine_id,machine_role,sample_id,production_units,total_hours,idle_hours,mobilisation_cost,sequencing_violations,blackout_conflicts,available_hours,utilisation_ratio,downtime_hours,downtime_events,weather_severity_total
1,S1,H1,feller_buncher,0,1220.906942,24.0,0.0,0.0,0,0,24.0,1.0,0.0,0,0.0
1,S1,H2,feller_buncher,0,1185.8830549999998,24.0,0.0,0.0,0,0,24.0,1.0,0.0,0,0.0
2,S1,H1,feller_buncher,0,1194.708925,24.0,0.0,53.24,0,0,24.0,1.0,0.0,0,0.0
2,S1,H2,feller_buncher,0,813.2038300000002,24.0,0.0,53.24,0,0,24.0,1.0,0.0,0,0.0
2,S1,H3,grapple_skidder,0,1332.369187,24.0,0.0,0.0,0,0,24.0,1.0,0.0,0,0.0
3,S1,H3,grapple_skidder,0,752.0945669999999,24.0,0.0,0.0,0,0,24.0,1.0,0.0,0,0.3
3,S1,H4,processor,0,372.3271531,24.0,0.0,0.0,0,0,24.0,1.0,0.0,0,0.3
3,S1,H5,processor,0,372.3271531,24.0,0.0,0.0,0,0,24.0,1.0,0.0,0,0.3
4,S1,H3,grapple_skidder,0,1480.641393,24.0,0.0,53.24,0,0,24.0,1.0,0.0,0,0.0
4,S1,H4,processor,0,531.895933,24.0,0.0,0.0,0,0,24.0,1.0,0.0,0,0.0
4,S1,H5,processor,0,531.895933,24.0,0.0,0.0,0,0,24.0,1.0,0.0,0,0.0
4,S1,H6,processor,0,276.0175817999998,24.0,0.0,0.0,1,0,24.0,1.0,0.0,0,0.0
4,S1,H7,loader,0,744.6543062,24.0,0.0,0.0,1,0,24.0,1.0,0.0,0,0.0
5,S1,H3,grapple_skidder,0,527.271362,24.0,0.0,0.0,0,0,24.0,1.0,0.0,0,0.0
5,S1,H4,processor,0,569.826226,24.0,0.0,53.24,0,0,24.0,1.0,0.0,0,0.0
5,S1,H5,processor,0,569.826226,24.0,0.0,53.24,0,0,24.0,1.0,0.0,0,0.0
5,S1,H7,loader,0,802.411354,24.0,0.0,0.0,0,0,24.0,1.0,0.0,0,0.0
5,S1,H8,loader,0,537.3980937999999,24.0,0.0,0.0,1,0,24.0,1.0,0.0,0,0.0
6,S1,H4,processor,0,569.826226,24.0,0.0,0.0,0,0,24.0,1.0,0.0,0,0.0
6,S1,H5,processor,0,298.434077,24.0,0.0,0.0,0,0,24.0,1.0,0.0,0,0.0
6,S1,H7,loader,0,937.184825,24.0,0.0,53.24,0,0,24.0,1.0,0.0,0,0.0
7,S1,H7,loader,0,937.184825,24.0,0.0,0.0,0,0,24.0,1.0,0.0,0,0.0
7,S1,H8,loader,0,133.54310499999997,24.0,0.0,53.24,0,0,24.0,1.0,0.0,0,0.0
1,S1,H1,feller_buncher,1,1220.906942,24.0,0.0,0.0,0,0,24.0,1.0,0.0,0,0.0
1,S1,H2,feller_buncher,1,1185.8830549999998,24.0,0.0,0.0,0,0,24.0,1.0,0.0,0,0.0
2,S1,H1,feller_buncher,1,1194.708925,24.0,0.0,53.24,0,0,24.0,1.0,0.0,0,0.0
2,S1,H2,feller_buncher,1,813.2038300000002,24.0,0.0,53.24,0,0,24.0,1.0,0.0,0,0.0
2,S1,H3,grapple_skidder,1,1332.369187,24.0,0.0,0.0,0,0,24.0,1.0,0.0,0,0.0
3,S1,H3,grapple_skidder,1,1074.4208099999998,24.0,0.0,0.0,0,0,24.0,1.0,0.0,0,0.0
3,S1,H4,processor,1,531.895933,24.0,0.0,0.0,0,0,24.0,1.0,0.0,0,0.0
3,S1,H5,processor,1,531.895933,24.0,0.0,0.0,0,0,24.0,1.0,0.0,0,0.0
4,S1,H3,grapple_skidder,1,1480.641393,24.0,0.0,53.24,0,0,24.0,1.0,0.0,0,0.0
4,S1,H4,processor,1,531.895933,24.0,0.0,0.0,0,0,24.0,1.0,0.0,0,0.0
4,S1,H5,processor,1,531.895933,24.0,0.0,0.0,0,0,24.0,1.0,0.0,0,0.0
4,S1,H6,processor,1,279.2062649999998,24.0,0.0,0.0,0,0,24.0,1.0,0.0,0,0.0
4,S1,H7,loader,1,802.411354,24.0,0.0,0.0,0,0,24.0,1.0,0.0,0,0.0
5,S1,H3,grapple_skidder,1,527.271362,24.0,0.0,0.0,0,0,24.0,1.0,0.0,0,0.0
5,S1,H4,processor,1,569.826226,24.0,0.0,53.24,0,0,24.0,1.0,0.0,0,0.0
5,S1,H5,processor,1,569.826226,24.0,0.0,53.24,0,0,24.0,1.0,0.0,0,0.0
5,S1,H7,loader,1,802.411354,24.0,0.0,0.0,0,0,24.0,1.0,0.0,0,0.0
5,S1,H8,loader,1,801.967289,24.0,0.0,0.0,0,0,24.0,1.0,0.0,0,0.0
6,S1,H4,processor,1,569.826226,24.0,0.0,0.0,0,0,24.0,1.0,0.0,0,0.0
6,S1,H5,processor,1,298.434077,24.0,0.0,0.0,0,0,24.0,1.0,0.0,0,0.0
6,S1,H7,loader,1,937.184825,24.0,0.0,53.24,0,0,24.0,1.0,0.0,0,0.0
7,S1,H7,loader,1,937.184825,24.0,0.0,0.0,0,0,24.0,1.0,0.0,0,0.0
7,S1,H8,loader,1,133.54310499999997,24.0,0.0,53.24,0,0,24.0,1.0,0.0,0,0.0
1,S1,H1,feller_buncher,2,1220.906942,24.0,0.0,0.0,0,0,24.0,1.0,0.0,0,0.0
1,S1,H2,feller_buncher,2,1185.8830549999998,24.0,0.0,0.0,0,0,24.0,1.0,0.0,0,0.0
2,S1,H1,feller_buncher,2,1194.708925,24.0,0.0,53.24,0,0,24.0,1.0,0.0,0,0.0
2,S1,H2,feller_buncher,2,813.2038300000002,24.0,0.0,53.24,0,0,24.0,1.0,0.0,0,0.0
2,S1,H3,grapple_skidder,2,1332.369187,24.0,0.0,0.0,0,0,24.0,1.0,0.0,0,0.0
3,S1,H3,grapple_skidder,2,752.0945669999999,24.0,0.0,0.0,0,0,24.0,1.0,0.0,0,0.3
3,S1,H4,processor,2,372.3271531,24.0,0.0,0.0,0,0,24.0,1.0,0.0,0,0.3
3,S1,H5,processor,2,372.3271531,24.0,0.0,0.0,0,0,24.0,1.0,0.0,0,0.3
4,S1,H3,grapple_skidder,2,1480.641393,24.0,0.0,53.24,0,0,24.0,1.0,0.0,0,0.0
4,S1,H4,processor,2,531.895933,24.0,0.0,0.0,0,0,24.0,1.0,0.0,0,0.0
4,S1,H5,processor,2,531.895933,24.0,0.0,0.0,0,0,24.0,1.0,0.0,0,0.0
4,S1,H6,processor,2,276.0175817999998,24.0,0.0,0.0,1,0,24.0,1.0,0.0,0,0.0
4,S1,H7,loader,2,744.6543062,24.0,0.0,0.0,1,0,24.0,1.0,0.0,0,0.0
5,S1,H3,grapple_skidder,2,527.271362,24.0,0.0,0.0,0,0,24.0,1.0,0.0,0,0.0
5,S1,H4,processor,2,569.826226,24.0,0.0,53.24,0,0,24.0,1.0,0.0,0,0.0
5,S1,H5,processor,2,569.826226,24.0,0.0,53.24,0,0,24.0,1.0,0.0,0,0.0
5,S1,H7,loader,2,802.411354,24.0,0.0,0.0,0,0,24.0,1.0,0.0,0,0.0
6,S1,H4,processor,2,569.826226,24.0,0.0,0.0,0,0,24.0,1.0,0.0,0,0.0
6,S1,H5,processor,2,298.434077,24.0,0.0,0.0,0,0,24.0,1.0,0.0,0,0.0
6,S1,H7,loader,2,937.184825,24.0,0.0,53.24,0,0,24.0,1.0,0.0,0,0.0
7,S1,H7,loader,2,937.184825,24.0,0.0,0.0,0,0,24.0,1.0,0.0,0,0.0
1,S1,H2,feller_buncher,3,1185.8830549999998,24.0,0.0,0.0,0,0,24.0,1.0,0.0,0,0.0
2,S1,H1,feller_buncher,3,1194.708925,24.0,0.0,0.0,0,0,24.0,1.0,0.0,0,0.0
2,S1,H2,feller_buncher,3,813.2038300000002,24.0,0.0,53.24,0,0,24.0,1.0,0.0,0,0.0
2,S1,H3,grapple_skidder,3,1185.8830549999998,24.0,0.0,0.0,1,0,24.0,1.0,0.0,0,0.0
3,S1,H3,grapple_skidder,3,0.0,24.0,0.0,0.0,1,0,24.0,1.0,0.0,0,0.0
3,S1,H4,processor,3,531.895933,24.0,0.0,0.0,0,0,24.0,1.0,0.0,0,0.0
3,S1,H5,processor,3,531.895933,24.0,0.0,0.0,0,0,24.0,1.0,0.0,0,0.0
4,S1,H3,grapple_skidder,3,1480.641393,24.0,0.0,53.24,0,0,24.0,1.0,0.0,0,0.0
4,S1,H4,processor,3,122.09118899999976,24.0,0.0,0.0,1,0,24.0,1.0,0.0,0,0.0
4,S1,H5,processor,3,0.0,24.0,0.0,0.0,1,0,24.0,1.0,0.0,0,0.0
4,S1,H6,processor,3,0.0,24.0,0.0,0.0,1,0,24.0,1.0,0.0,0,0.0
4,S1,H7,loader,3,802.411354,24.0,0.0,0.0,0,0,24.0,1.0,0.0,0,0.0
5,S1,H3,grapple_skidder,3,527.271362,24.0,0.0,0.0,0,0,24.0,1.0,0.0,0,0.0
5,S1,H4,processor,3,569.826226,24.0,0.0,53.24,0,0,24.0,1.0,0.0,0,0.0
5,S1,H5,processor,3,569.826226,24.0,0.0,53.24,0,0,24.0,1.0,0.0,0,0.0
5,S1,H7,loader,3,383.4717009999998,24.0,0.0,0.0,1,0,24.0,1.0,0.0,0,0.0
5,S1,H8,loader,3,0.0,24.0,0.0,0.0,1,0,24.0,1.0,0.0,0,0.0
6,S1,H4,processor,3,569.826226,24.0,0.0,0.0,0,0,24.0,1.0,0.0,0,0.0
6,S1,H5,processor,3,298.434077,24.0,0.0,0.0,0,0,24.0,1.0,0.0,0,0.0
6,S1,H7,loader,3,937.184825,24.0,0.0,53.24,0,0,24.0,1.0,0.0,0,0.0
7,S1,H7,loader,3,937.184825,24.0,0.0,0.0,0,0,24.0,1.0,0.0,0,0.0
7,S1,H8,loader,3,133.54310499999997,24.0,0.0,53.24,0,0,24.0,1.0,0.0,0,0.0
1,S1,H1,feller_buncher,4,1220.906942,24.0,0.0,0.0,0,0,24.0,1.0,0.0,0,0.0
1,S1,H2,feller_buncher,4,1185.8830549999998,24.0,0.0,0.0,0,0,24.0,1.0,0.0,0,0.0
2,S1,H1,feller_buncher,4,1194.708925,24.0,0.0,53.24,0,0,24.0,1.0,0.0,0,0.0
2,S1,H2,feller_buncher,4,813.2038300000002,24.0,0.0,53.24,0,0,24.0,1.0,0.0,0,0.0
2,S1,H3,grapple_skidder,4,1332.369187,24.0,0.0,0.0,0,0,24.0,1.0,0.0,0,0.0
3,S1,H3,grapple_skidder,4,1074.4208099999998,24.0,0.0,0.0,0,0,24.0,1.0,0.0,0,0.0
3,S1,H4,processor,4,531.895933,24.0,0.0,0.0,0,0,24.0,1.0,0.0,0,0.0
3,S1,H5,processor,4,531.895933,24.0,0.0,0.0,0,0,24.0,1.0,0.0,0,0.0
4,S1,H3,grapple_skidder,4,1480.641393,24.0,0.0,53.24,0,0,24.0,1.0,0.0,0,0.0
4,S1,H5,processor,4,531.895933,24.0,0.0,0.0,0,0,24.0,1.0,0.0,0,0.0
4,S1,H6,processor,4,279.2062649999998,24.0,0.0,0.0,0,0,24.0,1.0,0.0,0,0.0
4,S1,H7,loader,4,802.411354,24.0,0.0,0.0,0,0,24.0,1.0,0.0,0,0.0
5,S1,H3,grapple_skidder,4,527.271362,24.0,0.0,0.0,0,0,24.0,1.0,0.0,0,0.0
5,S1,H4,processor,4,569.826226,24.0,0.0,53.24,0,0,24.0,1.0,0.0,0,0.0
5,S1,H5,processor,4,569.826226,24.0,0.0,53.24,0,0,24.0,1.0,0.0,0,0.0
5,S1,H7,loader,4,802.411354,24.0,0.0,0.0,0,0,24.0,1.0,0.0,0,0.0
5,S1,H8,loader,4,270.0713559999998,24.0,0.0,0.0,1,0,24.0,1.0,0.0,0,0.0
6,S1,H4,processor,4,569.826226,24.0,0.0,0.0,0,0,24.0,1.0,0.0,0,0.0
6,S1,H5,processor,4,298.434077,24.0,0.0,0.0,0,0,24.0,1.0,0.0,0,0.0
6,S1,H7,loader,4,937.184825,24.0,0.0,53.24,0,0,24.0,1.0,0.0,0,0.0
7,S1,H7,loader,4,937.184825,24.0,0.0,0.0,0,0,24.0,1.0,0.0,0,0.0
7,S1,H8,loader,4,133.54310499999997,24.0,0.0,53.24,0,0,24.0,1.0,0.0,0,0.0
1,S1,H1,feller_buncher,5,1220.906942,24.0,0.0,0.0,0,0,24.0,1.0,0.0,0,0.0
1,S1,H2,feller_buncher,5,1185.8830549999998,24.0,0.0,0.0,0,0,24.0,1.0,0.0,0,0.0
2,S1,H1,feller_buncher,5,1194.708925,24.0,0.0,53.24,0,0,24.0,1.0,0.0,0,0.0
2,S1,H2,feller_buncher,5,813.2038300000002,24.0,0.0,53.24,0,0,24.0,1.0,0.0,0,0.0
2,S1,H3,grapple_skidder,5,1332.369187,24.0,0.0,0.0,0,0,24.0,1.0,0.0,0,0.0
3,S1,H3,grapple_skidder,5,752.0945669999999,24.0,0.0,0.0,0,0,24.0,1.0,0.0,0,0.3
3,S1,H4,processor,5,372.3271531,24.0,0.0,0.0,0,0,24.0,1.0,0.0,0,0.3
3,S1,H5,processor,5,372.3271531,24.0,0.0,0.0,0,0,24.0,1.0,0.0,0,0.3
4,S1,H3,grapple_skidder,5,1480.641393,24.0,0.0,53.24,0,0,24.0,1.0,0.0,0,0.0
4,S1,H4,processor,5,531.895933,24.0,0.0,0.0,0,0,24.0,1.0,0.0,0,0.0
4,S1,H5,processor,5,531.895933,24.0,0.0,0.0,0,0,24.0,1.0,0.0,0,0.0
4,S1,H6,processor,5,276.0175817999998,24.0,0.0,0.0,1,0,24.0,1.0,0.0,0,0.0
4,S1,H7,loader,5,744.6543062,24.0,0.0,0.0,1,0,24.0,1.0,0.0,0,0.0
5,S1,H3,grapple_skidder,5,527.271362,24.0,0.0,0.0,0,0,24.0,1.0,0.0,0,0.0
5,S1,H4,processor,5,569.826226,24.0,0.0,53.24,0,0,24.0,1.0,0.0,0,0.0
5,S1,H5,processor,5,569.826226,24.0,0.0,53.24,0,0,24.0,1.0,0.0,0,0.0
5,S1,H7,loader,5,802.411354,24.0,0.0,0.0,0,0,24.0,1.0,0.0,0,0.0
6,S1,H4,processor,5,569.826226,24.0,0.0,0.0,0,0,24.0,1.0,0.0,0,0.0
6,S1,H7,loader,5,937.184825,24.0,0.0,53.24,0,0,24.0,1.0,0.0,0,0.0
7,S1,H7,loader,5,772.293853,24.0,0.0,0.0,1,0,24.0,1.0,0.0,0,0.0
7,S1,H8,loader,5,0.0,24.0,0.0,0.0,1,0,24.0,1.0,0.0,0,0.0
1,S1,H1,feller_buncher,6,1220.906942,24.0,0.0,0.0,0,0,24.0,1.0,0.0,0,0.0
1,S1,H2,feller_buncher,6,1185.8830549999998,24.0,0.0,0.0,0,0,24.0,1.0,0.0,0,0.0
2,S1,H1,feller_buncher,6,1194.708925,24.0,0.0,53.24,0,0,24.0,1.0,0.0,0,0.0
2,S1,H2,feller_buncher,6,813.2038300000002,24.0,0.0,53.24,0,0,24.0,1.0,0.0,0,0.0
2,S1,H3,grapple_skidder,6,1332.369187,24.0,0.0,0.0,0,0,24.0,1.0,0.0,0,0.0
3,S1,H3,grapple_skidder,6,1074.4208099999998,24.0,0.0,0.0,0,0,24.0,1.0,0.0,0,0.0
3,S1,H4,processor,6,531.895933,24.0,0.0,0.0,0,0,24.0,1.0,0.0,0,0.0
3,S1,H5,processor,6,531.895933,24.0,0.0,0.0,0,0,24.0,1.0,0.0,0,0.0
4,S1,H3,grapple_skidder,6,1036.4489751,24.0,0.0,53.24,0,0,24.0,1.0,0.0,0,0.3
4,S1,H4,processor,6,372.3271531,24.0,0.0,0.0,0,0,24.0,1.0,0.0,0,0.3
4,S1,H5,processor,6,372.3271531,24.0,0.0,0.0,0,0,24.0,1.0,0.0,0,0.3
4,S1,H6,processor,6,195.44438549999984,24.0,0.0,0.0,0,0,24.0,1.0,0.0,0,0.3
5,S1,H3,grapple_skidder,6,527.271362,24.0,0.0,0.0,0,0,24.0,1.0,0.0,0,0.0
5,S1,H4,processor,6,569.826226,24.0,0.0,53.24,0,0,24.0,1.0,0.0,0,0.0
5,S1,H5,processor,6,466.6227491000001,24.0,0.0,53.24,1,0,24.0,1.0,0.0,0,0.0
5,S1,H7,loader,6,802.411354,24.0,0.0,0.0,0,0,24.0,1.0,0.0,0,0.0
5,S1,H8,loader,6,801.967289,24.0,0.0,0.0,0,0,24.0,1.0,0.0,0,0.0
6,S1,H4,processor,6,527.271362,24.0,0.0,0.0,1,0,24.0,1.0,0.0,0,0.0
6,S1,H5,processor,6,0.0,24.0,0.0,0.0,1,0,24.0,1.0,0.0,0,0.0
6,S1,H7,loader,6,937.184825,24.0,0.0,53.24,0,0,24.0,1.0,0.0,0,0.0
7,S1,H7,loader,6,626.5355121,24.0,0.0,0.0,1,0,24.0,1.0,0.0,0,0.0
7,S1,H8,loader,6,0.0,24.0,0.0,53.24,1,0,24.0,1.0,0.0,0,0.0
1,S1,H1,feller_buncher,7,1220.906942,24.0,0.0,0.0,0,0,24.0,1.0,0.0,0,0.0
1,S1,H2,feller_buncher,7,1185.8830549999998,24.0,0.0,0.0,0,0,24.0,1.0,0.0,0,0.0
2,S1,H1,feller_buncher,7,1194.708925,24.0,0.0,53.24,0,0,24.0,1.0,0.0,0,0.0
2,S1,H2,feller_buncher,7,813.2038300000002,24.0,0.0,53.24,0,0,24.0,1.0,0.0,0,0.0
2,S1,H3,grapple_skidder,7,1332.369187,24.0,0.0,0.0,0,0,24.0,1.0,0.0,0,0.0
3,S1,H3,grapple_skidder,7,1074.4208099999998,24.0,0.0,0.0,0,0,24.0,1.0,0.0,0,0.0
3,S1,H5,processor,7,531.895933,24.0,0.0,0.0,0,0,24.0,1.0,0.0,0,0.0
4,S1,H3,grapple_skidder,7,1480.641393,24.0,0.0,53.24,0,0,24.0,1.0,0.0,0,0.0
4,S1,H5,processor,7,531.895933,24.0,0.0,0.0,0,0,24.0,1.0,0.0,0,0.0
4,S1,H6,processor,7,279.2062649999998,24.0,0.0,0.0,0,0,24.0,1.0,0.0,0,0.0
4,S1,H7,loader,7,531.895933,24.0,0.0,0.0,1,0,24.0,1.0,0.0,0,0.0
5,S1,H3,grapple_skidder,7,369.08995339999996,24.0,0.0,0.0,0,0,24.0,1.0,0.0,0,0.3
5,S1,H4,processor,7,398.8783582,24.0,0.0,0.0,0,0,24.0,1.0,0.0,0,0.3
5,S1,H5,processor,7,398.8783582,24.0,0.0,53.24,0,0,24.0,1.0,0.0,0,0.3
5,S1,H7,loader,7,561.6879478,24.0,0.0,0.0,0,0,24.0,1.0,0.0,0,0.3
5,S1,H8,loader,7,249.41425019999986,24.0,0.0,0.0,1,0,24.0,1.0,0.0,0,0.3
6,S1,H4,processor,7,569.826226,24.0,0.0,0.0,0,0,24.0,1.0,0.0,0,0.0
6,S1,H5,processor,7,298.434077,24.0,0.0,0.0,0,0,24.0,1.0,0.0,0,0.0
7,S1,H7,loader,7,937.184825,24.0,0.0,53.24,0,0,24.0,1.0,0.0,0,0.0
7,S1,H8,loader,7,133.54310499999997,24.0,0.0,53.24,0,0,24.0,1.0,0.0,0,0.0
1,S1,H1,feller_buncher,8,1220.906942,24.0,0.0,0.0,0,0,24.0,1.0,0.0,0,0.0
1,S1,H2,feller_buncher,8,1185.8830549999998,24.0,0.0,0.0,0,0,24.0,1.0,0.0,0,0.0
2,S1,H1,feller_buncher,8,1194.708925,24.0,0.0,53.24,0,0,24.0,1.0,0.0,0,0.0
2,S1,H2,feller_buncher,8,813.2038300000002,24.0,0.0,53.24,0,0,24.0,1.0,0.0,0,0.0
2,S1,H3,grapple_skidder,8,1332.369187,24.0,0.0,0.0,0,0,24.0,1.0,0.0,0,0.0
3,S1,H3,grapple_skidder,8,1074.4208099999998,24.0,0.0,0.0,0,0,24.0,1.0,0.0,0,0.0
3,S1,H4,processor,8,531.895933,24.0,0.0,0.0,0,0,24.0,1.0,0.0,0,0.0
3,S1,H5,processor,8,531.895933,24.0,0.0,0.0,0,0,24.0,1.0,0.0,0,0.0
4,S1,H3,grapple_skidder,8,1480.641393,24.0,0.0,53.24,0,0,24.0,1.0,0.0,0,0.0
4,S1,H4,processor,8,531.895933,24.0,0.0,0.0,0,0,24.0,1.0,0.0,0,0.0
4,S1,H5,processor,8,531.895933,24.0,0.0,0.0,0,0,24.0,1.0,0.0,0,0.0
4,S1,H6,processor,8,279.2062649999998,24.0,0.0,0.0,0,0,24.0,1.0,0.0,0,0.0
4,S1,H7,loader,8,802.411354,24.0,0.0,0.0,0,0,24.0,1.0,0.0,0,0.0
5,S1,H3,grapple_skidder,8,527.271362,24.0,0.0,0.0,0,0,24.0,1.0,0.0,0,0.0
5,S1,H4,processor,8,569.826226,24.0,0.0,53.24,0,0,24.0,1.0,0.0,0,0.0
5,S1,H5,processor,8,569.826226,24.0,0.0,53.24,0,0,24.0,1.0,0.0,0,0.0
5,S1,H7,loader,8,802.411354,24.0,0.0,0.0,0,0,24.0,1.0,0.0,0,0.0
5,S1,H8,loader,8,801.967289,24.0,0.0,0.0,0,0,24.0,1.0,0.0,0,0.0
6,S1,H4,processor,8,569.826226,24.0,0.0,0.0,0,0,24.0,1.0,0.0,0,0.0
6,S1,H5,processor,8,298.434077,24.0,0.0,0.0,0,0,24.0,1.0,0.0,0,0.0
6,S1,H7,loader,8,937.184825,24.0,0.0,53.24,0,0,24.0,1.0,0.0,0,0.0
7,S1,H8,loader,8,133.54310499999997,24.0,0.0,53.24,0,0,24.0,1.0,0.0,0,0.0
1,S1,H1,feller_buncher,9,1220.906942,24.0,0.0,0.0,0,0,24.0,1.0,0.0,0,0.0
1,S1,H2,feller_buncher,9,1185.8830549999998,24.0,0.0,0.0,0,0,24.0,1.0,0.0,0,0.0
2,S1,H1,feller_buncher,9,1194.708925,24.0,0.0,53.24,0,0,24.0,1.0,0.0,0,0.0
2,S1,H2,feller_buncher,9,813.2038300000002,24.0,0.0,53.24,0,0,24.0,1.0,0.0,0,0.0
2,S1,H3,grapple_skidder,9,1332.369187,24.0,0.0,0.0,0,0,24.0,1.0,0.0,0,0.0
3,S1,H3,grapple_skidder,9,1074.4208099999998,24.0,0.0,0.0,0,0,24.0,1.0,0.0,0,0.0
3,S1,H4,processor,9,531.895933,24.0,0.0,0.0,0,0,24.0,1.0,0.0,0,0.0
3,S1,H5,processor,9,531.895933,24.0,0.0,0.0,0,0,24.0,1.0,0.0,0,0.0
4,S1,H3,grapple_skidder,9,1480.641393,24.0,0.0,53.24,0,0,24.0,1.0,0.0,0,0.0
4,S1,H4,processor,9,531.895933,24.0,0.0,0.0,0,0,24.0,1.0,0.0,0,0.0
4,S1,H5,processor,9,531.895933,24.0,0.0,0.0,0,0,24.0,1.0,0.0,0,0.0
4,S1,H6,processor,9,279.2062649999998,24.0,0.0,0.0,0,0,24.0,1.0,0.0,0,0.0
4,S1,H7,loader,9,802.411354,24.0,0.0,0.0,0,0,24.0,1.0,0.0,0,0.0
5,S1,H3,grapple_skidder,9,527.271362,24.0,0.0,0.0,0,0,24.0,1.0,0.0,0,0.0
5,S1,H4,processor,9,569.826226,24.0,0.0,53.24,0,0,24.0,1.0,0.0,0,0.0
5,S1,H5,processor,9,569.826226,24.0,0.0,53.24,0,0,24.0,1.0,0.0,0,0.0
5,S1,H7,loader,9,802.411354,24.0,0.0,0.0,0,0,24.0,1.0,0.0,0,0.0
5,S1,H8,loader,9,801.967289,24.0,0.0,0.0,0,0,24.0,1.0,0.0,0,0.0
6,S1,H4,processor,9,569.826226,24.0,0.0,0.0,0,0,24.0,1.0,0.0,0,0.0
6,S1,H7,loader,9,937.184825,24.0,0.0,53.24,0,0,24.0,1.0,0.0,0,0.0
7,S1,H7,loader,9,772.293853,24.0,0.0,0.0,1,0,24.0,1.0,0.0,0,0.0
7,S1,H8,loader,9,0.0,24.0,0.0,53.24,1,0,24.0,1.0,0.0,0,0.0
1,S1,H1,feller_buncher,10,1220.906942,24.0,0.0,0.0,0,0,24.0,1.0,0.0,0,0.0
1,S1,H2,feller_buncher,10,1185.8830549999998,24.0,0.0,0.0,0,0,24.0,1.0,0.0,0,0.0
2,S1,H1,feller_buncher,10,1194.708925,24.0,0.0,53.24,0,0,24.0,1.0,0.0,0,0.0
2,S1,H2,feller_buncher,10,813.2038300000002,24.0,0.0,53.24,0,0,24.0,1.0,0.0,0,0.0
2,S1,H3,grapple_skidder,10,1332.369187,24.0,0.0,0.0,0,0,24.0,1.0,0.0,0,0.0
3,S1,H3,grapple_skidder,10,1074.4208099999998,24.0,0.0,0.0,0,0,24.0,1.0,0.0,0,0.0
3,S1,H4,processor,10,531.895933,24.0,0.0,0.0,0,0,24.0,1.0,0.0,0,0.0
3,S1,H5,processor,10,531.895933,24.0,0.0,0.0,0,0,24.0,1.0,0.0,0,0.0
4,S1,H3,grapple_skidder,10,1480.641393,24.0,0.0,53.24,0,0,24.0,1.0,0.0,0,0.0
4,S1,H4,processor,10,531.895933,24.0,0.0,0.0,0,0,24.0,1.0,0.0,0,0.0
4,S1,H5,processor,10,531.895933,24.0,0.0,0.0,0,0,24.0,1.0,0.0,0,0.0
4,S1,H6,processor,10,279.2062649999998,24.0,0.0,0.0,0,0,24.0,1.0,0.0,0,0.0
4,S1,H7,loader,10,802.411354,24.0,0.0,0.0,0,0,24.0,1.0,0.0,0,0.0
5,S1,H3,grapple_skidder,10,527.271362,24.0,0.0,0.0,0,0,24.0,1.0,0.0,0,0.0
5,S1,H4,processor,10,569.826226,24.0,0.0,53.24,0,0,24.0,1.0,0.0,0,0.0
5,S1,H5,processor,10,569.826226,24.0,0.0,53.24,0,0,24.0,1.0,0.0,0,0.0
5,S1,H7,loader,10,802.411354,24.0,0.0,0.0,0,0,24.0,1.0,0.0,0,0.0
5,S1,H8,loader,10,801.967289,24.0,0.0,0.0,0,0,24.0,1.0,0.0,0,0.0
6,S1,H4,processor,10,569.826226,24.0,0.0,0.0,0,0,24.0,1.0,0.0,0,0.0
6,S1,H5,processor,10,298.434077,24.0,0.0,0.0,0,0,24.0,1.0,0.0,0,0.0
6,S1,H7,loader,10,937.184825,24.0,0.0,53.24,0,0,24.0,1.0,0.0,0,0.0
7,S1,H7,loader,10,656.0293775,24.0,0.0,0.0,0,0,24.0,1.0,0.0,0,0.3
7,S1,H8,loader,10,93.48017349999998,24.0,0.0,53.24,0,0,24.0,1.0,0.0,0,0.3
1,S1,H1,feller_buncher,11,1220.906942,24.0,0.0,0.0,0,0,24.0,1.0,0.0,0,0.0
1,S1,H2,feller_buncher,11,1185.8830549999998,24.0,0.0,0.0,0,0,24.0,1.0,0.0,0,0.0
2,S1,H1,feller_buncher,11,1194.708925,24.0,0.0,53.24,0,0,24.0,1.0,0.0,0,0.0
2,S1,H2,feller_buncher,11,813.2038300000002,24.0,0.0,53.24,0,0,24.0,1.0,0.0,0,0.0
2,S1,H3,grapple_skidder,11,1332.369187,24.0,0.0,0.0,0,0,24.0,1.0,0.0,0,0.0
3,S1,H3,grapple_skidder,11,1074.4208099999998,24.0,0.0,0.0,0,0,24.0,1.0,0.0,0,0.0
3,S1,H4,processor,11,531.895933,24.0,0.0,0.0,0,0,24.0,1.0,0.0,0,0.0
3,S1,H5,processor,11,531.895933,24.0,0.0,0.0,0,0,24.0,1.0,0.0,0,0.0
4,S1,H3,grapple_skidder,11,1480.641393,24.0,0.0,53.24,0,0,24.0,1.0,0.0,0,0.0
4,S1,H4,processor,11,531.895933,24.0,0.0,0.0,0,0,24.0,1.0,0.0,0,0.0
4,S1,H5,processor,11,531.895933,24.0,0.0,0.0,0,0,24.0,1.0,0.0,0,0.0
4,S1,H6,processor,11,279.2062649999998,24.0,0.0,0.0,0,0,24.0,1.0,0.0,0,0.0
5,S1,H3,grapple_skidder,11,527.271362,24.0,0.0,0.0,0,0,24.0,1.0,0.0,0,0.0
5,S1,H4,processor,11,569.826226,24.0,0.0,53.24,0,0,24.0,1.0,0.0,0,0.0
5,S1,H5,processor,11,569.826226,24.0,0.0,53.24,0,0,24.0,1.0,0.0,0,0.0
5,S1,H7,loader,11,802.411354,24.0,0.0,0.0,0,0,24.0,1.0,0.0,0,0.0
5,S1,H8,loader,11,801.967289,24.0,0.0,0.0,0,0,24.0,1.0,0.0,0,0.0
6,S1,H4,processor,11,569.826226,24.0,0.0,0.0,0,0,24.0,1.0,0.0,0,0.0
6,S1,H5,processor,11,298.434077,24.0,0.0,0.0,0,0,24.0,1.0,0.0,0,0.0
6,S1,H7,loader,11,937.184825,24.0,0.0,53.24,0,0,24.0,1.0,0.0,0,0.0
7,S1,H7,loader,11,937.184825,24.0,0.0,0.0,0,0,24.0,1.0,0.0,0,0.0
7,S1,H8,loader,11,133.54310499999997,24.0,0.0,53.24,0,0,24.0,1.0,0.0,0,0.0
1,S1,H1,feller_buncher,12,1220.906942,24.0,0.0,0.0,0,0,24.0,1.0,0.0,0,0.0
1,S1,H2,feller_buncher,12,1185.8830549999998,24.0,0.0,0.0,0,0,24.0,1.0,0.0,0,0.0
2,S1,H1,feller_buncher,12,1194.708925,24.0,0.0,53.24,0,0,24.0,1.0,0.0,0,0.0
2,S1,H2,feller_buncher,12,813.2038300000002,24.0,0.0,53.24,0,0,24.0,1.0,0.0,0,0.0
2,S1,H3,grapple_skidder,12,1332.369187,24.0,0.0,0.0,0,0,24.0,1.0,0.0,0,0.0
3,S1,H3,grapple_skidder,12,1074.4208099999998,24.0,0.0,0.0,0,0,24.0,1.0,0.0,0,0.0
3,S1,H4,processor,12,531.895933,24.0,0.0,0.0,0,0,24.0,1.0,0.0,0,0.0
3,S1,H5,processor,12,531.895933,24.0,0.0,0.0,0,0,24.0,1.0,0.0,0,0.0
4,S1,H3,grapple_skidder,12,1480.641393,24.0,0.0,53.24,0,0,24.0,1.0,0.0,0,0.0
4,S1,H4,processor,12,531.895933,24.0,0.0,0.0,0,0,24.0,1.0,0.0,0,0.0
4,S1,H5,processor,12,531.895933,24.0,0.0,0.0,0,0,24.0,1.0,0.0,0,0.0
4,S1,H6,processor,12,279.2062649999998,24.0,0.0,0.0,0,0,24.0,1.0,0.0,0,0.0
4,S1,H7,loader,12,802.411354,24.0,0.0,0.0,0,0,24.0,1.0,0.0,0,0.0
5,S1,H3,grapple_skidder,12,527.271362,24.0,0.0,0.0,0,0,24.0,1.0,0.0,0,0.0
5,S1,H4,processor,12,569.826226,24.0,0.0,53.24,0,0,24.0,1.0,0.0,0,0.0
5,S1,H5,processor,12,569.826226,24.0,0.0,53.24,0,0,24.0,1.0,0.0,0,0.0
5,S1,H7,loader,12,802.411354,24.0,0.0,0.0,0,0,24.0,1.0,0.0,0,0.0
5,S1,H8,loader,12,801.967289,24.0,0.0,0.0,0,0,24.0,1.0,0.0,0,0.0
6,S1,H4,processor,12,569.826226,24.0,0.0,0.0,0,0,24.0,1.0,0.0,0,0.0
6,S1,H5,processor,12,298.434077,24.0,0.0,0.0,0,0,24.0,1.0,0.0,0,0.0
6,S1,H7,loader,12,937.184825,24.0,0.0,53.24,0,0,24.0,1.0,0.0,0,0.0
7,S1,H7,loader,12,937.184825,24.0,0.0,0.0,0,0,24.0,1.0,0.0,0,0.0
7,S1,H8,loader,12,133.54310499999997,24.0,0.0,53.24,0,0,24.0,1.0,0.0,0,0.0
1,S1,H1,feller_buncher,13,1220.906942,24.0,0.0,0.0,0,0,24.0,1.0,0.0,0,0.0
1,S1,H2,feller_buncher,13,1185.8830549999998,24.0,0.0,0.0,0,0,24.0,1.0,0.0,0,0.0
2,S1,H1,feller_buncher,13,1194.708925,24.0,0.0,53.24,0,0,24.0,1.0,0.0,0,0.0
2,S1,H2,feller_buncher,13,813.2038300000002,24.0,0.0,53.24,0,0,24.0,1.0,0.0,0,0.0
2,S1,H3,grapple_skidder,13,1332.369187,24.0,0.0,0.0,0,0,24.0,1.0,0.0,0,0.0
3,S1,H3,grapple_skidder,13,1074.4208099999998,24.0,0.0,0.0,0,0,24.0,1.0,0.0,0,0.0
3,S1,H4,processor,13,531.895933,24.0,0.0,0.0,0,0,24.0,1.0,0.0,0,0.0
3,S1,H5,processor,13,531.895933,24.0,0.0,0.0,0,0,24.0,1.0,0.0,0,0.0
4,S1,H3,grapple_skidder,13,1480.641393,24.0,0.0,53.24,0,0,24.0,1.0,0.0,0,0.0
4,S1,H4,processor,13,531.895933,24.0,0.0,0.0,0,0,24.0,1.0,0.0,0,0.0
4,S1,H5,processor,13,531.895933,24.0,0.0,0.0,0,0,24.0,1.0,0.0,0,0.0
4,S1,H6,processor,13,279.2062649999998,24.0,0.0,0.0,0,0,24.0,1.0,0.0,0,0.0
4,S1,H7,loader,13,802.411354,24.0,0.0,0.0,0,0,24.0,1.0,0.0,0,0.0
5,S1,H3,grapple_skidder,13,527.271362,24.0,0.0,0.0,0,0,24.0,1.0,0.0,0,0.0
5,S1,H4,processor,13,569.826226,24.0,0.0,53.24,0,0,24.0,1.0,0.0,0,0.0
5,S1,H5,processor,13,569.826226,24.0,0.0,53.24,0,0,24.0,1.0,0.0,0,0.0
5,S1,H7,loader,13,802.411354,24.0,0.0,0.0,0,0,24.0,1.0,0.0,0,0.0
5,S1,H8,loader,13,801.967289,24.0,0.0,0.0,0,0,24.0,1.0,0.0,0,0.0
6,S1,H4,processor,13,569.826226,24.0,0.0,0.0,0,0,24.0,1.0,0.0,0,0.0
6,S1,H5,processor,13,298.434077,24.0,0.0,0.0,0,0,24.0,1.0,0.0,0,0.0
6,S1,H7,loader,13,937.184825,24.0,0.0,53.24,0,0,24.0,1.0,0.0,0,0.0
7,S1,H7,loader,13,937.184825,24.0,0.0,0.0,0,0,24.0,1.0,0.0,0,0.0
7,S1,H8,loader,13,133.54310499999997,24.0,0.0,53.24,0,0,24.0,1.0,0.0,0,0.0
1,S1,H1,feller_buncher,14,1220.906942,24.0,0.0,0.0,0,0,24.0,1.0,0.0,0,0.0
1,S1,H2,feller_buncher,14,1185.8830549999998,24.0,0.0,0.0,0,0,24.0,1.0,0.0,0,0.0
2,S1,H1,feller_buncher,14,1194.708925,24.0,0.0,53.24,0,0,24.0,1.0,0.0,0,0.0
2,S1,H2,feller_buncher,14,813.2038300000002,24.0,0.0,53.24,0,0,24.0,1.0,0.0,0,0.0
2,S1,H3,grapple_skidder,14,1332.369187,24.0,0.0,0.0,0,0,24.0,1.0,0.0,0,0.0
3,S1,H3,grapple_skidder,14,1074.4208099999998,24.0,0.0,0.0,0,0,24.0,1.0,0.0,0,0.0
3,S1,H4,processor,14,531.895933,24.0,0.0,0.0,0,0,24.0,1.0,0.0,0,0.0
3,S1,H5,processor,14,531.895933,24.0,0.0,0.0,0,0,24.0,1.0,0.0,0,0.0
4,S1,H3,grapple_skidder,14,1036.4489751,24.0,0.0,53.24,0,0,24.0,1.0,0.0,0,0.3
4,S1,H4,processor,14,372.3271531,24.0,0.0,0.0,0,0,24.0,1.0,0.0,0,0.3
4,S1,H5,processor,14,372.3271531,24.0,0.0,0.0,0,0,24.0,1.0,0.0,0,0.3
4,S1,H6,processor,14,195.44438549999984,24.0,0.0,0.0,0,0,24.0,1.0,0.0,0,0.3
4,S1,H7,loader,14,561.6879478,24.0,0.0,0.0,0,0,24.0,1.0,0.0,0,0.3
5,S1,H3,grapple_skidder,14,369.08995339999996,24.0,0.0,0.0,0,0,24.0,1.0,0.0,0,0.3
5,S1,H4,processor,14,398.8783582,24.0,0.0,53.24,0,0,24.0,1.0,0.0,0,0.3
5,S1,H5,processor,14,398.8783582,24.0,0.0,53.24,0,0,24.0,1.0,0.0,0,0.3
5,S1,H7,loader,14,561.6879478,24.0,0.0,0.0,0,0,24.0,1.0,0.0,0,0.3
5,S1,H8,loader,14,561.3771023,24.0,0.0,0.0,0,0,24.0,1.0,0.0,0,0.3
6,S1,H4,processor,14,569.826226,24.0,0.0,0.0,0,0,24.0,1.0,0.0,0,0.0
6,S1,H5,processor,14,37.95598610000013,24.0,0.0,0.0,1,0,24.0,1.0,0.0,0,0.0
6,S1,H7,loader,14,797.7567164,24.0,0.0,53.24,1,0,24.0,1.0,0.0,0,0.0
7,S1,H7,loader,14,607.7822121000002,24.0,0.0,0.0,1,0,24.0,1.0,0.0,0,0.3
7,S1,H8,loader,14,0.0,24.0,0.0,53.24,1,0,24.0,1.0,0.0,0,0.3
1,S1,H1,feller_buncher,15,1220.906942,24.0,0.0,0.0,0,0,24.0,1.0,0.0,0,0.0
1,S1,H2,feller_buncher,15,1185.8830549999998,24.0,0.0,0.0,0,0,24.0,1.0,0.0,0,0.0
2,S1,H1,feller_buncher,15,836.2962474999999,24.0,0.0,53.24,0,0,24.0,1.0,0.0,0,0.3
2,S1,H2,feller_buncher,15,569.2426810000001,24.0,0.0,53.24,0,0,24.0,1.0,0.0,0,0.3
2,S1,H3,grapple_skidder,15,932.6584309,24.0,0.0,0.0,0,0,24.0,1.0,0.0,0,0.3
3,S1,H3,grapple_skidder,15,1074.4208099999998,24.0,0.0,0.0,0,0,24.0,1.0,0.0,0,0.0
3,S1,H4,processor,15,531.895933,24.0,0.0,0.0,0,0,24.0,1.0,0.0,0,0.0
3,S1,H5,processor,15,400.76249789999997,24.0,0.0,0.0,1,0,24.0,1.0,0.0,0,0.0
4,S1,H3,grapple_skidder,15,1405.5389285,24.0,0.0,53.24,1,0,24.0,1.0,0.0,0,0.0
4,S1,H4,processor,15,531.895933,24.0,0.0,0.0,0,0,24.0,1.0,0.0,0,0.0
4,S1,H5,processor,15,531.895933,24.0,0.0,0.0,0,0,24.0,1.0,0.0,0,0.0
4,S1,H6,processor,15,10.62894399999982,24.0,0.0,0.0,1,0,24.0,1.0,0.0,0,0.0
4,S1,H7,loader,15,802.411354,24.0,0.0,0.0,0,0,24.0,1.0,0.0,0,0.0
5,S1,H3,grapple_skidder,15,0.0,24.0,0.0,0.0,1,0,24.0,1.0,0.0,0,0.0
5,S1,H4,processor,15,569.826226,24.0,0.0,53.24,0,0,24.0,1.0,0.0,0,0.0
5,S1,H5,processor,15,569.826226,24.0,0.0,53.24,0,0,24.0,1.0,0.0,0,0.0
5,S1,H7,loader,15,802.411354,24.0,0.0,0.0,0,0,24.0,1.0,0.0,0,0.0
5,S1,H8,loader,15,402.2565328999998,24.0,0.0,0.0,1,0,24.0,1.0,0.0,0,0.0
6,S1,H4,processor,15,265.8864765000001,24.0,0.0,0.0,1,0,24.0,1.0,0.0,0,0.0
6,S1,H5,processor,15,0.0,24.0,0.0,0.0,1,0,24.0,1.0,0.0,0,0.0
6,S1,H7,loader,15,937.184825,24.0,0.0,53.24,0,0,24.0,1.0,0.0,0,0.0
7,S1,H7,loader,15,468.35410350000006,24.0,0.0,0.0,1,0,24.0,1.0,0.0,0,0.0
1,S1,H1,feller_buncher,16,1220.906942,24.0,0.0,0.0,0,0,24.0,1.0,0.0,0,0.0
1,S1,H2,feller_buncher,16,1185.8830549999998,24.0,0.0,0.0,0,0,24.0,1.0,0.0,0,0.0
2,S1,H1,feller_buncher,16,1194.708925,24.0,0.0,53.24,0,0,24.0,1.0,0.0,0,0.0
2,S1,H2,feller_buncher,16,813.2038300000002,24.0,0.0,53.24,0,0,24.0,1.0,0.0,0,0.0
2,S1,H3,grapple_skidder,16,1332.369187,24.0,0.0,0.0,0,0,24.0,1.0,0.0,0,0.0
3,S1,H3,grapple_skidder,16,1074.4208099999998,24.0,0.0,0.0,0,0,24.0,1.0,0.0,0,0.0
3,S1,H4,processor,16,531.895933,24.0,0.0,0.0,0,0,24.0,1.0,0.0,0,0.0
3,S1,H5,processor,16,531.895933,24.0,0.0,0.0,0,0,24.0,1.0,0.0,0,0.0
4,S1,H3,grapple_skidder,16,1480.641393,24.0,0.0,53.24,0,0,24.0,1.0,0.0,0,0.0
4,S1,H4,processor,16,531.895933,24.0,0.0,0.0,0,0,24.0,1.0,0.0,0,0.0
4,S1,H5,processor,16,531.895933,24.0,0.0,0.0,0,0,24.0,1.0,0.0,0,0.0
4,S1,H6,processor,16,279.2062649999998,24.0,0.0,0.0,0,0,24.0,1.0,0.0,0,0.0
4,S1,H7,loader,16,802.411354,24.0,0.0,0.0,0,0,24.0,1.0,0.0,0,0.0
5,S1,H3,grapple_skidder,16,369.08995339999996,24.0,0.0,0.0,0,0,24.0,1.0,0.0,0,0.3
5,S1,H4,processor,16,398.8783582,24.0,0.0,53.24,0,0,24.0,1.0,0.0,0,0.3
5,S1,H5,processor,16,398.8783582,24.0,0.0,53.24,0,0,24.0,1.0,0.0,0,0.3
5,S1,H7,loader,16,561.6879478,24.0,0.0,0.0,0,0,24.0,1.0,0.0,0,0.3
5,S1,H8,loader,16,561.3771023,24.0,0.0,0.0,0,0,24.0,1.0,0.0,0,0.3
6,S1,H4,processor,16,569.826226,24.0,0.0,0.0,0,0,24.0,1.0,0.0,0,0.0
6,S1,H5,processor,16,298.434077,24.0,0.0,0.0,0,0,24.0,1.0,0.0,0,0.0
7,S1,H7,loader,16,656.0293775,24.0,0.0,53.24,0,0,24.0,1.0,0.0,0,0.3
7,S1,H8,loader,16,93.48017349999998,24.0,0.0,53.24,0,0,24.0,1.0,0.0,0,0.3
1,S1,H1,feller_buncher,17,1220.906942,24.0,0.0,0.0,0,0,24.0,1.0,0.0,0,0.0
1,S1,H2,feller_buncher,17,1185.8830549999998,24.0,0.0,0.0,0,0,24.0,1.0,0.0,0,0.0
2,S1,H1,feller_buncher,17,1194.708925,24.0,0.0,53.24,0,0,24.0,1.0,0.0,0,0.0
2,S1,H2,feller_buncher,17,813.2038300000002,24.0,0.0,53.24,0,0,24.0,1.0,0.0,0,0.0
2,S1,H3,grapple_skidder,17,1332.369187,24.0,0.0,0.0,0,0,24.0,1.0,0.0,0,0.0
3,S1,H3,grapple_skidder,17,1074.4208099999998,24.0,0.0,0.0,0,0,24.0,1.0,0.0,0,0.0
3,S1,H4,processor,17,531.895933,24.0,0.0,0.0,0,0,24.0,1.0,0.0,0,0.0
3,S1,H5,processor,17,531.895933,24.0,0.0,0.0,0,0,24.0,1.0,0.0,0,0.0
4,S1,H3,grapple_skidder,17,1480.641393,24.0,0.0,53.24,0,0,24.0,1.0,0.0,0,0.0
4,S1,H4,processor,17,531.895933,24.0,0.0,0.0,0,0,24.0,1.0,0.0,0,0.0
4,S1,H5,processor,17,531.895933,24.0,0.0,0.0,0,0,24.0,1.0,0.0,0,0.0
4,S1,H6,processor,17,279.2062649999998,24.0,0.0,0.0,0,0,24.0,1.0,0.0,0,0.0
5,S1,H3,grapple_skidder,17,527.271362,24.0,0.0,0.0,0,0,24.0,1.0,0.0,0,0.0
5,S1,H4,processor,17,569.826226,24.0,0.0,53.24,0,0,24.0,1.0,0.0,0,0.0
5,S1,H5,processor,17,569.826226,24.0,0.0,53.24,0,0,24.0,1.0,0.0,0,0.0
5,S1,H7,loader,17,802.411354,24.0,0.0,0.0,0,0,24.0,1.0,0.0,0,0.0
5,S1,H8,loader,17,801.967289,24.0,0.0,0.0,0,0,24.0,1.0,0.0,0,0.0
6,S1,H4,processor,17,569.826226,24.0,0.0,0.0,0,0,24.0,1.0,0.0,0,0.0
6,S1,H7,loader,17,937.184825,24.0,0.0,53.24,0,0,24.0,1.0,0.0,0,0.0
7,S1,H7,loader,17,772.293853,24.0,0.0,0.0,1,0,24.0,1.0,0.0,0,0.0
7,S1,H8,loader,17,0.0,24.0,0.0,53.24,1,0,24.0,1.0,0.0,0,0.0
1,S1,H1,feller_buncher,18,1220.906942,24.0,0.0,0.0,0,0,24.0,1.0,0.0,0,0.0
1,S1,H2,feller_buncher,18,1185.8830549999998,24.0,0.0,0.0,0,0,24.0,1.0,0.0,0,0.0
2,S1,H2,feller_buncher,18,813.2038300000002,24.0,0.0,53.24,0,0,24.0,1.0,0.0,0,0.0
2,S1,H3,grapple_skidder,18,1332.369187,24.0,0.0,0.0,0,0,24.0,1.0,0.0,0,0.0
3,S1,H3,grapple_skidder,18,1074.4208099999998,24.0,0.0,0.0,0,0,24.0,1.0,0.0,0,0.0
3,S1,H4,processor,18,531.895933,24.0,0.0,0.0,0,0,24.0,1.0,0.0,0,0.0
3,S1,H5,processor,18,531.895933,24.0,0.0,0.0,0,0,24.0,1.0,0.0,0,0.0
4,S1,H3,grapple_skidder,18,813.2038300000002,24.0,0.0,53.24,1,0,24.0,1.0,0.0,0,0.0
4,S1,H4,processor,18,531.895933,24.0,0.0,0.0,0,0,24.0,1.0,0.0,0,0.0
4,S1,H5,processor,18,531.895933,24.0,0.0,0.0,0,0,24.0,1.0,0.0,0,0.0
4,S1,H6,processor,18,279.2062649999998,24.0,0.0,0.0,0,0,24.0,1.0,0.0,0,0.0
4,S1,H7,loader,18,802.411354,24.0,0.0,0.0,0,0,24.0,1.0,0.0,0,0.0
5,S1,H3,grapple_skidder,18,0.0,24.0,0.0,0.0,1,0,24.0,1.0,0.0,0,0.0
5,S1,H4,processor,18,569.826226,24.0,0.0,53.24,0,0,24.0,1.0,0.0,0,0.0
5,S1,H5,processor,18,243.37760400000013,24.0,0.0,53.24,1,0,24.0,1.0,0.0,0,0.0
5,S1,H7,loader,18,802.411354,24.0,0.0,0.0,0,0,24.0,1.0,0.0,0,0.0
5,S1,H8,loader,18,801.967289,24.0,0.0,0.0,0,0,24.0,1.0,0.0,0,0.0
6,S1,H4,processor,18,0.0,24.0,0.0,0.0,1,0,24.0,1.0,0.0,0,0.0
6,S1,H5,processor,18,0.0,24.0,0.0,0.0,1,0,24.0,1.0,0.0,0,0.0
6,S1,H7,loader,18,813.2038300000002,24.0,0.0,53.24,1,0,24.0,1.0,0.0,0,0.0
7,S1,H7,loader,18,0.0,24.0,0.0,0.0,1,0,24.0,1.0,0.0,0,0.0
7,S1,H8,loader,18,0.0,24.0,0.0,53.24,1,0,24.0,1.0,0.0,0,0.0
1,S1,H2,feller_buncher,19,1185.8830549999998,24.0,0.0,0.0,0,0,24.0,1.0,0.0,0,0.0
2,S1,H1,feller_buncher,19,1194.708925,24.0,0.0,0.0,0,0,24.0,1.0,0.0,0,0.0
2,S1,H2,feller_buncher,19,813.2038300000002,24.0,0.0,53.24,0,0,24.0,1.0,0.0,0,0.0
2,S1,H3,grapple_skidder,19,1185.8830549999998,24.0,0.0,0.0,1,0,24.0,1.0,0.0,0,0.0
3,S1,H3,grapple_skidder,19,0.0,24.0,0.0,0.0,1,0,24.0,1.0,0.0,0,0.0
3,S1,H4,processor,19,531.895933,24.0,0.0,0.0,0,0,24.0,1.0,0.0,0,0.0
3,S1,H5,processor,19,531.895933,24.0,0.0,0.0,0,0,24.0,1.0,0.0,0,0.0
4,S1,H3,grapple_skidder,19,1480.641393,24.0,0.0,53.24,0,0,24.0,1.0,0.0,0,0.0
4,S1,H4,processor,19,122.09118899999976,24.0,0.0,0.0,1,0,24.0,1.0,0.0,0,0.0
4,S1,H5,processor,19,0.0,24.0,0.0,0.0,1,0,24.0,1.0,0.0,0,0.0
4,S1,H6,processor,19,0.0,24.0,0.0,0.0,1,0,24.0,1.0,0.0,0,0.0
4,S1,H7,loader,19,802.411354,24.0,0.0,0.0,0,0,24.0,1.0,0.0,0,0.0
5,S1,H3,grapple_skidder,19,527.271362,24.0,0.0,0.0,0,0,24.0,1.0,0.0,0,0.0
5,S1,H4,processor,19,569.826226,24.0,0.0,53.24,0,0,24.0,1.0,0.0,0,0.0
5,S1,H5,processor,19,569.826226,24.0,0.0,53.24,0,0,24.0,1.0,0.0,0,0.0
5,S1,H7,loader,19,383.4717009999998,24.0,0.0,0.0,1,0,24.0,1.0,0.0,0,0.0
5,S1,H8,loader,19,0.0,24.0,0.0,0.0,1,0,24.0,1.0,0.0,0,0.0
6,S1,H4,processor,19,569.826226,24.0,0.0,0.0,0,0,24.0,1.0,0.0,0,0.0
6,S1,H5,processor,19,298.434077,24.0,0.0,0.0,0,0,24.0,1.0,0.0,0,0.0
6,S1,H7,loader,19,937.184825,24.0,0.0,53.24,0,0,24.0,1.0,0.0,0,0.0
7,S1,H7,loader,19,937.184825,24.0,0.0,0.0,0,0,24.0,1.0,0.0,0,0.0
7,S1,H8,loader,19,133.54310499999997,24.0,0.0,53.24,0,0,24.0,1.0,0.0,0,0.0
1,S1,H1,feller_buncher,20,1220.906942,24.0,0.0,0.0,0,0,24.0,1.0,0.0,0,0.0
1,S1,H2,feller_buncher,20,1185.8830549999998,24.0,0.0,0.0,0,0,24.0,1.0,0.0,0,0.0
2,S1,H1,feller_buncher,20,836.2962474999999,24.0,0.0,53.24,0,0,24.0,1.0,0.0,0,0.3
2,S1,H2,feller_buncher,20,569.2426810000001,24.0,0.0,53.24,0,0,24.0,1.0,0.0,0,0.3
2,S1,H3,grapple_skidder,20,932.6584309,24.0,0.0,0.0,0,0,24.0,1.0,0.0,0,0.3
3,S1,H3,grapple_skidder,20,1074.4208099999998,24.0,0.0,0.0,0,0,24.0,1.0,0.0,0,0.0
3,S1,H4,processor,20,531.895933,24.0,0.0,0.0,0,0,24.0,1.0,0.0,0,0.0
3,S1,H5,processor,20,400.76249789999997,24.0,0.0,0.0,1,0,24.0,1.0,0.0,0,0.0
4,S1,H3,grapple_skidder,20,1405.5389285,24.0,0.0,53.24,1,0,24.0,1.0,0.0,0,0.0
4,S1,H4,processor,20,531.895933,24.0,0.0,0.0,0,0,24.0,1.0,0.0,0,0.0
4,S1,H5,processor,20,531.895933,24.0,0.0,0.0,0,0,24.0,1.0,0.0,0,0.0
4,S1,H6,processor,20,10.62894399999982,24.0,0.0,0.0,1,0,24.0,1.0,0.0,0,0.0
4,S1,H7,loader,20,802.411354,24.0,0.0,0.0,0,0,24.0,1.0,0.0,0,0.0
5,S1,H3,grapple_skidder,20,0.0,24.0,0.0,0.0,1,0,24.0,1.0,0.0,0,0.0
5,S1,H4,processor,20,569.826226,24.0,0.0,53.24,0,0,24.0,1.0,0.0,0,0.0
5,S1,H5,processor,20,569.826226,24.0,0.0,53.24,0,0,24.0,1.0,0.0,0,0.0
5,S1,H7,loader,20,802.411354,24.0,0.0,0.0,0,0,24.0,1.0,0.0,0,0.0
5,S1,H8,loader,20,402.2565328999998,24.0,0.0,0.0,1,0,24.0,1.0,0.0,0,0.0
6,S1,H4,processor,20,265.8864765000001,24.0,0.0,0.0,1,0,24.0,1.0,0.0,0,0.0
6,S1,H5,processor,20,0.0,24.0,0.0,0.0,1,0,24.0,1.0,0.0,0,0.0
6,S1,H7,loader,20,937.184825,24.0,0.0,53.24,0,0,24.0,1.0,0.0,0,0.0
7,S1,H7,loader,20,468.35410350000006,24.0,0.0,0.0,1,0,24.0,1.0,0.0,0,0.0
7,S1,H8,loader,20,0.0,24.0,0.0,53.24,1,0,24.0,1.0,0.0,0,0.0
1,S1,H1,feller_buncher,21,1220.906942,24.0,0.0,0.0,0,0,24.0,1.0,0.0,0,0.0
1,S1,H2,feller_buncher,21,1185.8830549999998,24.0,0.0,0.0,0,0,24.0,1.0,0.0,0,0.0
2,S1,H1,feller_buncher,21,1194.708925,24.0,0.0,53.24,0,0,24.0,1.0,0.0,0,0.0
2,S1,H2,feller_buncher,21,813.2038300000002,24.0,0.0,53.24,0,0,24.0,1.0,0.0,0,0.0
2,S1,H3,grapple_skidder,21,1332.369187,24.0,0.0,0.0,0,0,24.0,1.0,0.0,0,0.0
3,S1,H3,grapple_skidder,21,1074.4208099999998,24.0,0.0,0.0,0,0,24.0,1.0,0.0,0,0.0
3,S1,H4,processor,21,531.895933,24.0,0.0,0.0,0,0,24.0,1.0,0.0,0,0.0
3,S1,H5,processor,21,531.895933,24.0,0.0,0.0,0,0,24.0,1.0,0.0,0,0.0
4,S1,H3,grapple_skidder,21,1480.641393,24.0,0.0,53.24,0,0,24.0,1.0,0.0,0,0.0
4,S1,H4,processor,21,531.895933,24.0,0.0,0.0,0,0,24.0,1.0,0.0,0,0.0
4,S1,H5,processor,21,531.895933,24.0,0.0,0.0,0,0,24.0,1.0,0.0,0,0.0
4,S1,H6,processor,21,279.2062649999998,24.0,0.0,0.0,0,0,24.0,1.0,0.0,0,0.0
4,S1,H7,loader,21,802.411354,24.0,0.0,0.0,0,0,24.0,1.0,0.0,0,0.0
5,S1,H3,grapple_skidder,21,527.271362,24.0,0.0,0.0,0,0,24.0,1.0,0.0,0,0.0
5,S1,H4,processor,21,569.826226,24.0,0.0,53.24,0,0,24.0,1.0,0.0,0,0.0
5,S1,H5,processor,21,569.826226,24.0,0.0,53.24,0,0,24.0,1.0,0.0,0,0.0
5,S1,H7,loader,21,802.411354,24.0,0.0,0.0,0,0,24.0,1.0,0.0,0,0.0
5,S1,H8,loader,21,801.967289,24.0,0.0,0.0,0,0,24.0,1.0,0.0,0,0.0
6,S1,H4,processor,21,569.826226,24.0,0.0,0.0,0,0,24.0,1.0,0.0,0,0.0
6,S1,H5,processor,21,298.434077,24.0,0.0,0.0,0,0,24.0,1.0,0.0,0,0.0
6,S1,H7,loader,21,937.184825,24.0,0.0,53.24,0,0,24.0,1.0,0.0,0,0.0
7,S1,H7,loader,21,937.184825,24.0,0.0,0.0,0,0,24.0,1.0,0.0,0,0.0
7,S1,H8,loader,21,133.54310499999997,24.0,0.0,53.24,0,0,24.0,1.0,0.0,0,0.0
1,S1,H1,feller_buncher,22,1220.906942,24.0,0.0,0.0,0,0,24.0,1.0,0.0,0,0.0
1,S1,H2,feller_buncher,22,1185.8830549999998,24.0,0.0,0.0,0,0,24.0,1.0,0.0,0,0.0
2,S1,H1,feller_buncher,22,719.4387092950507,24.0,0.0,53.24,0,0,24.0,1.0,0.0,0,0.0
2,S1,H2,feller_buncher,22,813.2038300000002,24.0,0.0,53.24,0,0,24.0,1.0,0.0,0,0.0
2,S1,H3,grapple_skidder,22,1332.369187,24.0,0.0,0.0,0,0,24.0,1.0,0.0,0,0.0
3,S1,H3,grapple_skidder,22,1074.4208099999998,24.0,0.0,0.0,0,0,24.0,1.0,0.0,0,0.0
3,S1,H4,processor,22,531.895933,24.0,0.0,0.0,0,0,24.0,1.0,0.0,0,0.0
3,S1,H5,processor,22,531.895933,24.0,0.0,0.0,0,0,24.0,1.0,0.0,0,0.0
4,S1,H3,grapple_skidder,22,1480.641393,24.0,0.0,53.24,0,0,24.0,1.0,0.0,0,0.0
4,S1,H4,processor,22,531.895933,24.0,0.0,0.0,0,0,24.0,1.0,0.0,0,0.0
4,S1,H5,processor,22,531.895933,24.0,0.0,0.0,0,0,24.0,1.0,0.0,0,0.0
4,S1,H6,processor,22,279.2062649999998,24.0,0.0,0.0,0,0,24.0,1.0,0.0,0,0.0
4,S1,H7,loader,22,802.411354,24.0,0.0,0.0,0,0,24.0,1.0,0.0,0,0.0
5,S1,H3,grapple_skidder,22,52.00114629505083,24.0,0.0,0.0,1,0,24.0,1.0,0.0,0,0.0
5,S1,H5,processor,22,569.826226,24.0,0.0,53.24,0,0,24.0,1.0,0.0,0,0.0
5,S1,H7,loader,22,802.411354,24.0,0.0,0.0,0,0,24.0,1.0,0.0,0,0.0
5,S1,H8,loader,22,801.967289,24.0,0.0,0.0,0,0,24.0,1.0,0.0,0,0.0
6,S1,H4,processor,22,569.826226,24.0,0.0,53.24,0,0,24.0,1.0,0.0,0,0.0
6,S1,H5,processor,22,298.434077,24.0,0.0,0.0,0,0,24.0,1.0,0.0,0,0.0
6,S1,H7,loader,22,569.826226,24.0,0.0,53.24,1,0,24.0,1.0,0.0,0,0.0
7,S1,H7,loader,22,868.260303,24.0,0.0,0.0,1,0,24.0,1.0,0.0,0,0.0
7,S1,H8,loader,22,0.0,24.0,0.0,53.24,1,0,24.0,1.0,0.0,0,0.0
1,S1,H1,feller_buncher,23,1220.906942,24.0,0.0,0.0,0,0,24.0,1.0,0.0,0,0.0
1,S1,H2,feller_buncher,23,1185.8830549999998,24.0,0.0,0.0,0,0,24.0,1.0,0.0,0,0.0
2,S1,H1,feller_buncher,23,652.2244699642018,24.0,0.0,53.24,0,0,24.0,1.0,0.0,0,0.0
2,S1,H2,feller_buncher,23,813.2038300000002,24.0,0.0,53.24,0,0,24.0,1.0,0.0,0,0.0
2,S1,H3,grapple_skidder,23,1332.369187,24.0,0.0,0.0,0,0,24.0,1.0,0.0,0,0.0
3,S1,H3,grapple_skidder,23,1074.4208099999998,24.0,0.0,0.0,0,0,24.0,1.0,0.0,0,0.0
3,S1,H4,processor,23,531.895933,24.0,0.0,0.0,0,0,24.0,1.0,0.0,0,0.0
3,S1,H5,processor,23,531.895933,24.0,0.0,0.0,0,0,24.0,1.0,0.0,0,0.0
4,S1,H3,grapple_skidder,23,1465.4282999642019,24.0,0.0,53.24,1,0,24.0,1.0,0.0,0,0.0
4,S1,H4,processor,23,531.895933,24.0,0.0,0.0,0,0,24.0,1.0,0.0,0,0.0
4,S1,H5,processor,23,531.895933,24.0,0.0,0.0,0,0,24.0,1.0,0.0,0,0.0
4,S1,H6,processor,23,279.2062649999998,24.0,0.0,0.0,0,0,24.0,1.0,0.0,0,0.0
4,S1,H7,loader,23,802.411354,24.0,0.0,0.0,0,0,24.0,1.0,0.0,0,0.0
5,S1,H3,grapple_skidder,23,0.0,24.0,0.0,0.0,1,0,24.0,1.0,0.0,0,0.0
5,S1,H4,processor,23,569.826226,24.0,0.0,53.24,0,0,24.0,1.0,0.0,0,0.0
5,S1,H5,processor,23,569.826226,24.0,0.0,53.24,0,0,24.0,1.0,0.0,0,0.0
5,S1,H7,loader,23,802.411354,24.0,0.0,0.0,0,0,24.0,1.0,0.0,0,0.0
5,S1,H8,loader,23,801.967289,24.0,0.0,0.0,0,0,24.0,1.0,0.0,0,0.0
6,S1,H4,processor,23,325.77584796420183,24.0,0.0,0.0,1,0,24.0,1.0,0.0,0,0.0
6,S1,H5,processor,23,0.0,24.0,0.0,0.0,1,0,24.0,1.0,0.0,0,0.0
6,S1,H7,loader,23,937.184825,24.0,0.0,53.24,0,0,24.0,1.0,0.0,0,0.0
7,S1,H7,loader,23,528.2434749642018,24.0,0.0,0.0,1,0,24.0,1.0,0.0,0,0.0
1,S1,H1,feller_buncher,24,1220.906942,24.0,0.0,0.0,0,0,24.0,1.0,0.0,0,0.0
1,S1,H2,feller_buncher,24,1185.8830549999998,24.0,0.0,0.0,0,0,24.0,1.0,0.0,0,0.0
2,S1,H1,feller_buncher,24,1194.708925,24.0,0.0,53.24,0,0,24.0,1.0,0.0,0,0.0
2,S1,H2,feller_buncher,24,813.2038300000002,24.0,0.0,53.24,0,0,24.0,1.0,0.0,0,0.0
2,S1,H3,grapple_skidder,24,1332.369187,24.0,0.0,0.0,0,0,24.0,1.0,0.0,0,0.0
3,S1,H3,grapple_skidder,24,1074.4208099999998,24.0,0.0,0.0,0,0,24.0,1.0,0.0,0,0.0
3,S1,H4,processor,24,531.895933,24.0,0.0,0.0,0,0,24.0,1.0,0.0,0,0.0
3,S1,H5,processor,24,531.895933,24.0,0.0,0.0,0,0,24.0,1.0,0.0,0,0.0
4,S1,H3,grapple_skidder,24,1480.641393,24.0,0.0,53.24,0,0,24.0,1.0,0.0,0,0.0
4,S1,H4,processor,24,531.895933,24.0,0.0,0.0,0,0,24.0,1.0,0.0,0,0.0
4,S1,H5,processor,24,531.895933,24.0,0.0,0.0,0,0,24.0,1.0,0.0,0,0.0
4,S1,H6,processor,24,279.2062649999998,24.0,0.0,0.0,0,0,24.0,1.0,0.0,0,0.0
5,S1,H4,processor,24,569.826226,24.0,0.0,53.24,0,0,24.0,1.0,0.0,0,0.0
5,S1,H5,processor,24,569.826226,24.0,0.0,53.24,0,0,24.0,1.0,0.0,0,0.0
5,S1,H7,loader,24,802.411354,24.0,0.0,0.0,0,0,24.0,1.0,0.0,0,0.0
5,S1,H8,loader,24,801.967289,24.0,0.0,0.0,0,0,24.0,1.0,0.0,0,0.0
6,S1,H5,processor,24,298.434077,24.0,0.0,0.0,0,0,24.0,1.0,0.0,0,0.0
6,S1,H7,loader,24,937.184825,24.0,0.0,53.24,0,0,24.0,1.0,0.0,0,0.0
7,S1,H7,loader,24,500.901704,24.0,0.0,0.0,1,0,24.0,1.0,0.0,0,0.3
7,S1,H8,loader,24,0.0,24.0,0.0,53.24,1,0,24.0,1.0,0.0,0,0.3
1,S1,H1,feller_buncher,25,1220.906942,24.0,0.0,0.0,0,0,24.0,1.0,0.0,0,0.0
1,S1,H2,feller_buncher,25,1185.8830549999998,24.0,0.0,0.0,0,0,24.0,1.0,0.0,0,0.0
2,S1,H1,feller_buncher,25,1194.708925,24.0,0.0,53.24,0,0,24.0,1.0,0.0,0,0.0
2,S1,H2,feller_buncher,25,813.2038300000002,24.0,0.0,53.24,0,0,24.0,1.0,0.0,0,0.0
2,S1,H3,grapple_skidder,25,1332.369187,24.0,0.0,0.0,0,0,24.0,1.0,0.0,0,0.0
3,S1,H3,grapple_skidder,25,1074.4208099999998,24.0,0.0,0.0,0,0,24.0,1.0,0.0,0,0.0
3,S1,H4,processor,25,531.895933,24.0,0.0,0.0,0,0,24.0,1.0,0.0,0,0.0
3,S1,H5,processor,25,531.895933,24.0,0.0,0.0,0,0,24.0,1.0,0.0,0,0.0
4,S1,H3,grapple_skidder,25,1480.641393,24.0,0.0,53.24,0,0,24.0,1.0,0.0,0,0.0
4,S1,H4,processor,25,531.895933,24.0,0.0,0.0,0,0,24.0,1.0,0.0,0,0.0
4,S1,H5,processor,25,531.895933,24.0,0.0,0.0,0,0,24.0,1.0,0.0,0,0.0
4,S1,H6,processor,25,279.2062649999998,24.0,0.0,0.0,0,0,24.0,1.0,0.0,0,0.0
4,S1,H7,loader,25,802.411354,24.0,0.0,0.0,0,0,24.0,1.0,0.0,0,0.0
5,S1,H3,grapple_skidder,25,369.08995339999996,24.0,0.0,0.0,0,0,24.0,1.0,0.0,0,0.3
5,S1,H4,processor,25,398.8783582,24.0,0.0,53.24,0,0,24.0,1.0,0.0,0,0.3
5,S1,H5,processor,25,398.8783582,24.0,0.0,53.24,0,0,24.0,1.0,0.0,0,0.3
5,S1,H7,loader,25,561.6879478,24.0,0.0,0.0,0,0,24.0,1.0,0.0,0,0.3
5,S1,H8,loader,25,561.3771023,24.0,0.0,0.0,0,0,24.0,1.0,0.0,0,0.3
6,S1,H4,processor,25,569.826226,24.0,0.0,0.0,0,0,24.0,1.0,0.0,0,0.0
6,S1,H5,processor,25,298.434077,24.0,0.0,0.0,0,0,24.0,1.0,0.0,0,0.0
6,S1,H7,loader,25,797.7567164,24.0,0.0,53.24,1,0,24.0,1.0,0.0,0,0.0
7,S1,H7,loader,25,868.260303,24.0,0.0,0.0,1,0,24.0,1.0,0.0,0,0.0
7,S1,H8,loader,25,0.0,24.0,0.0,53.24,1,0,24.0,1.0,0.0,0,0.0
1,S1,H1,feller_buncher,26,1220.906942,24.0,0.0,0.0,0,0,24.0,1.0,0.0,0,0.0
1,S1,H2,feller_buncher,26,1185.8830549999998,24.0,0.0,0.0,0,0,24.0,1.0,0.0,0,0.0
2,S1,H1,feller_buncher,26,1194.708925,24.0,0.0,53.24,0,0,24.0,1.0,0.0,0,0.0
2,S1,H2,feller_buncher,26,813.2038300000002,24.0,0.0,53.24,0,0,24.0,1.0,0.0,0,0.0
2,S1,H3,grapple_skidder,26,1332.369187,24.0,0.0,0.0,0,0,24.0,1.0,0.0,0,0.0
3,S1,H3,grapple_skidder,26,1074.4208099999998,24.0,0.0,0.0,0,0,24.0,1.0,0.0,0,0.0
3,S1,H4,processor,26,531.895933,24.0,0.0,0.0,0,0,24.0,1.0,0.0,0,0.0
3,S1,H5,processor,26,531.895933,24.0,0.0,0.0,0,0,24.0,1.0,0.0,0,0.0
4,S1,H3,grapple_skidder,26,1480.641393,24.0,0.0,53.24,0,0,24.0,1.0,0.0,0,0.0
4,S1,H4,processor,26,531.895933,24.0,0.0,0.0,0,0,24.0,1.0,0.0,0,0.0
4,S1,H5,processor,26,531.895933,24.0,0.0,0.0,0,0,24.0,1.0,0.0,0,0.0
4,S1,H6,processor,26,279.2062649999998,24.0,0.0,0.0,0,0,24.0,1.0,0.0,0,0.0
4,S1,H7,loader,26,802.411354,24.0,0.0,0.0,0,0,24.0,1.0,0.0,0,0.0
5,S1,H3,grapple_skidder,26,527.271362,24.0,0.0,0.0,0,0,24.0,1.0,0.0,0,0.0
5,S1,H4,processor,26,569.826226,24.0,0.0,53.24,0,0,24.0,1.0,0.0,0,0.0
5,S1,H5,processor,26,569.826226,24.0,0.0,53.24,0,0,24.0,1.0,0.0,0,0.0
5,S1,H7,loader,26,802.411354,24.0,0.0,0.0,0,0,24.0,1.0,0.0,0,0.0
5,S1,H8,loader,26,801.967289,24.0,0.0,0.0,0,0,24.0,1.0,0.0,0,0.0
6,S1,H4,processor,26,569.826226,24.0,0.0,0.0,0,0,24.0,1.0,0.0,0,0.0
6,S1,H7,loader,26,937.184825,24.0,0.0,53.24,0,0,24.0,1.0,0.0,0,0.0
7,S1,H7,loader,26,772.293853,24.0,0.0,0.0,1,0,24.0,1.0,0.0,0,0.0
7,S1,H8,loader,26,0.0,24.0,0.0,53.24,1,0,24.0,1.0,0.0,0,0.0
1,S1,H2,feller_buncher,27,1185.8830549999998,24.0,0.0,0.0,0,0,24.0,1.0,0.0,0,0.0
2,S1,H1,feller_buncher,27,1194.708925,24.0,0.0,0.0,0,0,24.0,1.0,0.0,0,0.0
2,S1,H2,feller_buncher,27,813.2038300000002,24.0,0.0,53.24,0,0,24.0,1.0,0.0,0,0.0
2,S1,H3,grapple_skidder,27,1185.8830549999998,24.0,0.0,0.0,1,0,24.0,1.0,0.0,0,0.0
3,S1,H3,grapple_skidder,27,0.0,24.0,0.0,0.0,1,0,24.0,1.0,0.0,0,0.0
3,S1,H4,processor,27,531.895933,24.0,0.0,0.0,0,0,24.0,1.0,0.0,0,0.0
3,S1,H5,processor,27,531.895933,24.0,0.0,0.0,0,0,24.0,1.0,0.0,0,0.0
4,S1,H3,grapple_skidder,27,1480.641393,24.0,0.0,53.24,0,0,24.0,1.0,0.0,0,0.0
4,S1,H4,processor,27,122.09118899999976,24.0,0.0,0.0,1,0,24.0,1.0,0.0,0,0.0
4,S1,H5,processor,27,0.0,24.0,0.0,0.0,1,0,24.0,1.0,0.0,0,0.0
4,S1,H6,processor,27,0.0,24.0,0.0,0.0,1,0,24.0,1.0,0.0,0,0.0
4,S1,H7,loader,27,802.411354,24.0,0.0,0.0,0,0,24.0,1.0,0.0,0,0.0
5,S1,H3,grapple_skidder,27,527.271362,24.0,0.0,0.0,0,0,24.0,1.0,0.0,0,0.0
5,S1,H4,processor,27,569.826226,24.0,0.0,53.24,0,0,24.0,1.0,0.0,0,0.0
5,S1,H5,processor,27,569.826226,24.0,0.0,53.24,0,0,24.0,1.0,0.0,0,0.0
5,S1,H7,loader,27,383.4717009999998,24.0,0.0,0.0,1,0,24.0,1.0,0.0,0,0.0
5,S1,H8,loader,27,0.0,24.0,0.0,0.0,1,0,24.0,1.0,0.0,0,0.0
6,S1,H4,processor,27,569.826226,24.0,0.0,0.0,0,0,24.0,1.0,0.0,0,0.0
6,S1,H5,processor,27,298.434077,24.0,0.0,0.0,0,0,24.0,1.0,0.0,0,0.0
6,S1,H7,loader,27,937.184825,24.0,0.0,53.24,0,0,24.0,1.0,0.0,0,0.0
7,S1,H7,loader,27,937.184825,24.0,0.0,0.0,0,0,24.0,1.0,0.0,0,0.0
7,S1,H8,loader,27,133.54310499999997,24.0,0.0,53.24,0,0,24.0,1.0,0.0,0,0.0
1,S1,H1,feller_buncher,28,1220.906942,24.0,0.0,0.0,0,0,24.0,1.0,0.0,0,0.0
1,S1,H2,feller_buncher,28,1185.8830549999998,24.0,0.0,0.0,0,0,24.0,1.0,0.0,0,0.0
2,S1,H1,feller_buncher,28,1194.708925,24.0,0.0,53.24,0,0,24.0,1.0,0.0,0,0.0
2,S1,H2,feller_buncher,28,813.2038300000002,24.0,0.0,53.24,0,0,24.0,1.0,0.0,0,0.0
2,S1,H3,grapple_skidder,28,1332.369187,24.0,0.0,0.0,0,0,24.0,1.0,0.0,0,0.0
3,S1,H3,grapple_skidder,28,1074.4208099999998,24.0,0.0,0.0,0,0,24.0,1.0,0.0,0,0.0
3,S1,H5,processor,28,531.895933,24.0,0.0,0.0,0,0,24.0,1.0,0.0,0,0.0
4,S1,H3,grapple_skidder,28,1480.641393,24.0,0.0,53.24,0,0,24.0,1.0,0.0,0,0.0
4,S1,H4,processor,28,531.895933,24.0,0.0,0.0,0,0,24.0,1.0,0.0,0,0.0
4,S1,H6,processor,28,279.2062649999998,24.0,0.0,0.0,0,0,24.0,1.0,0.0,0,0.0
4,S1,H7,loader,28,531.895933,24.0,0.0,0.0,1,0,24.0,1.0,0.0,0,0.0
5,S1,H3,grapple_skidder,28,369.08995339999996,24.0,0.0,0.0,0,0,24.0,1.0,0.0,0,0.3
5,S1,H4,processor,28,398.8783582,24.0,0.0,53.24,0,0,24.0,1.0,0.0,0,0.3
5,S1,H5,processor,28,398.8783582,24.0,0.0,53.24,0,0,24.0,1.0,0.0,0,0.3
5,S1,H7,loader,28,561.6879478,24.0,0.0,0.0,0,0,24.0,1.0,0.0,0,0.3
5,S1,H8,loader,28,249.41425019999986,24.0,0.0,0.0,1,0,24.0,1.0,0.0,0,0.3
6,S1,H5,processor,28,208.9038539,24.0,0.0,0.0,0,0,24.0,1.0,0.0,0,0.3
6,S1,H7,loader,28,656.0293775,24.0,0.0,53.24,0,0,24.0,1.0,0.0,0,0.3
7,S1,H7,loader,28,350.63119279999995,24.0,0.0,0.0,1,0,24.0,1.0,0.0,0,0.0
1,S1,H1,feller_buncher,29,854.6348594,24.0,0.0,0.0,0,0,24.0,1.0,0.0,0,0.3
1,S1,H2,feller_buncher,29,830.1181384999998,24.0,0.0,0.0,0,0,24.0,1.0,0.0,0,0.3
2,S1,H2,feller_buncher,29,813.2038300000002,24.0,0.0,53.24,0,0,24.0,1.0,0.0,0,0.0
2,S1,H3,grapple_skidder,29,1332.369187,24.0,0.0,0.0,0,0,24.0,1.0,0.0,0,0.0
3,S1,H3,grapple_skidder,29,352.3838108999996,24.0,0.0,0.0,1,0,24.0,1.0,0.0,0,0.0
3,S1,H4,processor,29,531.895933,24.0,0.0,0.0,0,0,24.0,1.0,0.0,0,0.0
3,S1,H5,processor,29,531.895933,24.0,0.0,0.0,0,0,24.0,1.0,0.0,0,0.0
4,S1,H3,grapple_skidder,29,813.2038300000002,24.0,0.0,53.24,1,0,24.0,1.0,0.0,0,0.0
4,S1,H4,processor,29,531.895933,24.0,0.0,0.0,0,0,24.0,1.0,0.0,0,0.0
4,S1,H5,processor,29,89.06519889999959,24.0,0.0,0.0,1,0,24.0,1.0,0.0,0,0.0
4,S1,H6,processor,29,0.0,24.0,0.0,0.0,1,0,24.0,1.0,0.0,0,0.0
4,S1,H7,loader,29,802.411354,24.0,0.0,0.0,0,0,24.0,1.0,0.0,0,0.0
5,S1,H3,grapple_skidder,29,0.0,24.0,0.0,0.0,1,0,24.0,1.0,0.0,0,0.0
5,S1,H4,processor,29,569.826226,24.0,0.0,53.24,0,0,24.0,1.0,0.0,0,0.0
5,S1,H5,processor,29,243.37760400000013,24.0,0.0,53.24,1,0,24.0,1.0,0.0,0,0.0
5,S1,H7,loader,29,802.411354,24.0,0.0,0.0,0,0,24.0,1.0,0.0,0,0.0
5,S1,H8,loader,29,79.9302898999997,24.0,0.0,0.0,1,0,24.0,1.0,0.0,0,0.0
6,S1,H4,processor,29,0.0,24.0,0.0,0.0,1,0,24.0,1.0,0.0,0,0.0
6,S1,H5,processor,29,0.0,24.0,0.0,0.0,1,0,24.0,1.0,0.0,0,0.0
6,S1,H7,loader,29,813.2038300000002,24.0,0.0,53.24,1,0,24.0,1.0,0.0,0,0.0
7,S1,H7,loader,29,0.0,24.0,0.0,0.0,1,0,24.0,1.0,0.0,0,0.0
1,S1,H1,feller_buncher,30,1220.906942,24.0,0.0,0.0,0,0,24.0,1.0,0.0,0,0.0
1,S1,H2,feller_buncher,30,1185.8830549999998,24.0,0.0,0.0,0,0,24.0,1.0,0.0,0,0.0
2,S1,H1,feller_buncher,30,1194.708925,24.0,0.0,53.24,0,0,24.0,1.0,0.0,0,0.0
2,S1,H2,feller_buncher,30,813.2038300000002,24.0,0.0,53.24,0,0,24.0,1.0,0.0,0,0.0
2,S1,H3,grapple_skidder,30,1332.369187,24.0,0.0,0.0,0,0,24.0,1.0,0.0,0,0.0
3,S1,H3,grapple_skidder,30,1074.4208099999998,24.0,0.0,0.0,0,0,24.0,1.0,0.0,0,0.0
3,S1,H4,processor,30,531.895933,24.0,0.0,0.0,0,0,24.0,1.0,0.0,0,0.0
3,S1,H5,processor,30,531.895933,24.0,0.0,0.0,0,0,24.0,1.0,0.0,0,0.0
4,S1,H3,grapple_skidder,30,1480.641393,24.0,0.0,53.24,0,0,24.0,1.0,0.0,0,0.0
4,S1,H5,processor,30,531.895933,24.0,0.0,0.0,0,0,24.0,1.0,0.0,0,0.0
4,S1,H6,processor,30,279.2062649999998,24.0,0.0,0.0,0,0,24.0,1.0,0.0,0,0.0
4,S1,H7,loader,30,802.411354,24.0,0.0,0.0,0,0,24.0,1.0,0.0,0,0.0
5,S1,H3,grapple_skidder,30,527.271362,24.0,0.0,0.0,0,0,24.0,1.0,0.0,0,0.0
5,S1,H4,processor,30,569.826226,24.0,0.0,53.24,0,0,24.0,1.0,0.0,0,0.0
5,S1,H5,processor,30,569.826226,24.0,0.0,53.24,0,0,24.0,1.0,0.0,0,0.0
5,S1,H7,loader,30,802.411354,24.0,0.0,0.0,0,0,24.0,1.0,0.0,0,0.0
5,S1,H8,loader,30,270.0713559999998,24.0,0.0,0.0,1,0,24.0,1.0,0.0,0,0.0
6,S1,H4,processor,30,569.826226,24.0,0.0,0.0,0,0,24.0,1.0,0.0,0,0.0
6,S1,H5,processor,30,298.434077,24.0,0.0,0.0,0,0,24.0,1.0,0.0,0,0.0
6,S1,H7,loader,30,937.184825,24.0,0.0,53.24,0,0,24.0,1.0,0.0,0,0.0
7,S1,H7,loader,30,937.184825,24.0,0.0,0.0,0,0,24.0,1.0,0.0,0,0.0
7,S1,H8,loader,30,133.54310499999997,24.0,0.0,53.24,0,0,24.0,1.0,0.0,0,0.0
1,S1,H1,feller_buncher,31,1220.906942,24.0,0.0,0.0,0,0,24.0,1.0,0.0,0,0.0
1,S1,H2,feller_buncher,31,1185.8830549999998,24.0,0.0,0.0,0,0,24.0,1.0,0.0,0,0.0
2,S1,H1,feller_buncher,31,1194.708925,24.0,0.0,53.24,0,0,24.0,1.0,0.0,0,0.0
2,S1,H2,feller_buncher,31,813.2038300000002,24.0,0.0,53.24,0,0,24.0,1.0,0.0,0,0.0
2,S1,H3,grapple_skidder,31,1332.369187,24.0,0.0,0.0,0,0,24.0,1.0,0.0,0,0.0
3,S1,H3,grapple_skidder,31,1074.4208099999998,24.0,0.0,0.0,0,0,24.0,1.0,0.0,0,0.0
3,S1,H4,processor,31,531.895933,24.0,0.0,0.0,0,0,24.0,1.0,0.0,0,0.0
3,S1,H5,processor,31,531.895933,24.0,0.0,0.0,0,0,24.0,1.0,0.0,0,0.0
4,S1,H3,grapple_skidder,31,1036.4489751,24.0,0.0,53.24,0,0,24.0,1.0,0.0,0,0.3
4,S1,H4,processor,31,372.3271531,24.0,0.0,0.0,0,0,24.0,1.0,0.0,0,0.3
4,S1,H5,processor,31,372.3271531,24.0,0.0,0.0,0,0,24.0,1.0,0.0,0,0.3
4,S1,H6,processor,31,195.44438549999984,24.0,0.0,0.0,0,0,24.0,1.0,0.0,0,0.3
4,S1,H7,loader,31,561.6879478,24.0,0.0,0.0,0,0,24.0,1.0,0.0,0,0.3
5,S1,H3,grapple_skidder,31,527.271362,24.0,0.0,0.0,0,0,24.0,1.0,0.0,0,0.0
5,S1,H5,processor,31,569.826226,24.0,0.0,53.24,0,0,24.0,1.0,0.0,0,0.0
5,S1,H7,loader,31,802.411354,24.0,0.0,0.0,0,0,24.0,1.0,0.0,0,0.0
5,S1,H8,loader,31,639.7912559,24.0,0.0,0.0,1,0,24.0,1.0,0.0,0,0.0
6,S1,H4,processor,31,569.826226,24.0,0.0,53.24,0,0,24.0,1.0,0.0,0,0.0
6,S1,H5,processor,31,298.434077,24.0,0.0,0.0,0,0,24.0,1.0,0.0,0,0.0
6,S1,H7,loader,31,569.826226,24.0,0.0,53.24,1,0,24.0,1.0,0.0,0,0.0
7,S1,H7,loader,31,868.260303,24.0,0.0,0.0,1,0,24.0,1.0,0.0,0,0.0
7,S1,H8,loader,31,0.0,24.0,0.0,53.24,1,0,24.0,1.0,0.0,0,0.0
1,S1,H1,feller_buncher,32,1220.906942,24.0,0.0,0.0,0,0,24.0,1.0,0.0,0,0.0
1,S1,H2,feller_buncher,32,1185.8830549999998,24.0,0.0,0.0,0,0,24.0,1.0,0.0,0,0.0
2,S1,H1,feller_buncher,32,1194.708925,24.0,0.0,53.24,0,0,24.0,1.0,0.0,0,0.0
2,S1,H2,feller_buncher,32,813.2038300000002,24.0,0.0,53.24,0,0,24.0,1.0,0.0,0,0.0
2,S1,H3,grapple_skidder,32,1332.369187,24.0,0.0,0.0,0,0,24.0,1.0,0.0,0,0.0
3,S1,H3,grapple_skidder,32,1074.4208099999998,24.0,0.0,0.0,0,0,24.0,1.0,0.0,0,0.0
3,S1,H4,processor,32,531.895933,24.0,0.0,0.0,0,0,24.0,1.0,0.0,0,0.0
3,S1,H5,processor,32,531.895933,24.0,0.0,0.0,0,0,24.0,1.0,0.0,0,0.0
4,S1,H3,grapple_skidder,32,1480.641393,24.0,0.0,53.24,0,0,24.0,1.0,0.0,0,0.0
4,S1,H4,processor,32,531.895933,24.0,0.0,0.0,0,0,24.0,1.0,0.0,0,0.0
4,S1,H5,processor,32,531.895933,24.0,0.0,0.0,0,0,24.0,1.0,0.0,0,0.0
4,S1,H6,processor,32,279.2062649999998,24.0,0.0,0.0,0,0,24.0,1.0,0.0,0,0.0
4,S1,H7,loader,32,802.411354,24.0,0.0,0.0,0,0,24.0,1.0,0.0,0,0.0
5,S1,H3,grapple_skidder,32,527.271362,24.0,0.0,0.0,0,0,24.0,1.0,0.0,0,0.0
5,S1,H4,processor,32,569.826226,24.0,0.0,53.24,0,0,24.0,1.0,0.0,0,0.0
5,S1,H5,processor,32,569.826226,24.0,0.0,53.24,0,0,24.0,1.0,0.0,0,0.0
5,S1,H7,loader,32,802.411354,24.0,0.0,0.0,0,0,24.0,1.0,0.0,0,0.0
5,S1,H8,loader,32,801.967289,24.0,0.0,0.0,0,0,24.0,1.0,0.0,0,0.0
6,S1,H4,processor,32,569.826226,24.0,0.0,0.0,0,0,24.0,1.0,0.0,0,0.0
6,S1,H5,processor,32,298.434077,24.0,0.0,0.0,0,0,24.0,1.0,0.0,0,0.0
6,S1,H7,loader,32,937.184825,24.0,0.0,53.24,0,0,24.0,1.0,0.0,0,0.0
7,S1,H7,loader,32,937.184825,24.0,0.0,0.0,0,0,24.0,1.0,0.0,0,0.0
7,S1,H8,loader,32,133.54310499999997,24.0,0.0,53.24,0,0,24.0,1.0,0.0,0,0.0
1,S1,H1,feller_buncher,33,1220.906942,24.0,0.0,0.0,0,0,24.0,1.0,0.0,0,0.0
2,S1,H1,feller_buncher,33,673.166526833694,24.0,0.0,53.24,0,0,24.0,1.0,0.0,0,0.0
2,S1,H2,feller_buncher,33,813.2038300000002,24.0,0.0,0.0,0,0,24.0,1.0,0.0,0,0.0
2,S1,H3,grapple_skidder,33,1220.906942,24.0,0.0,0.0,1,0,24.0,1.0,0.0,0,0.0
3,S1,H3,grapple_skidder,33,0.0,24.0,0.0,0.0,1,0,24.0,1.0,0.0,0,0.0
3,S1,H4,processor,33,531.895933,24.0,0.0,0.0,0,0,24.0,1.0,0.0,0,0.0
3,S1,H5,processor,33,531.895933,24.0,0.0,0.0,0,0,24.0,1.0,0.0,0,0.0
4,S1,H3,grapple_skidder,33,1480.641393,24.0,0.0,53.24,0,0,24.0,1.0,0.0,0,0.0
4,S1,H4,processor,33,157.11507600000004,24.0,0.0,0.0,1,0,24.0,1.0,0.0,0,0.0
4,S1,H5,processor,33,0.0,24.0,0.0,0.0,1,0,24.0,1.0,0.0,0,0.0
4,S1,H6,processor,33,0.0,24.0,0.0,0.0,1,0,24.0,1.0,0.0,0,0.0
4,S1,H7,loader,33,802.411354,24.0,0.0,0.0,0,0,24.0,1.0,0.0,0,0.0
5,S1,H3,grapple_skidder,33,5.728963833694024,24.0,0.0,0.0,1,0,24.0,1.0,0.0,0,0.0
5,S1,H4,processor,33,569.826226,24.0,0.0,53.24,0,0,24.0,1.0,0.0,0,0.0
5,S1,H5,processor,33,569.826226,24.0,0.0,53.24,0,0,24.0,1.0,0.0,0,0.0
5,S1,H7,loader,33,418.4955880000001,24.0,0.0,0.0,1,0,24.0,1.0,0.0,0,0.0
5,S1,H8,loader,33,0.0,24.0,0.0,0.0,1,0,24.0,1.0,0.0,0,0.0
6,S1,H4,processor,33,346.7179048336941,24.0,0.0,0.0,1,0,24.0,1.0,0.0,0,0.0
6,S1,H5,processor,33,0.0,24.0,0.0,0.0,1,0,24.0,1.0,0.0,0,0.0
7,S1,H7,loader,33,937.184825,24.0,0.0,53.24,0,0,24.0,1.0,0.0,0,0.0
7,S1,H8,loader,33,133.54310499999997,24.0,0.0,53.24,0,0,24.0,1.0,0.0,0,0.0
1,S1,H1,feller_buncher,34,1220.906942,24.0,0.0,0.0,0,0,24.0,1.0,0.0,0,0.0
1,S1,H2,feller_buncher,34,1185.8830549999998,24.0,0.0,0.0,0,0,24.0,1.0,0.0,0,0.0
2,S1,H1,feller_buncher,34,836.2962474999999,24.0,0.0,53.24,0,0,24.0,1.0,0.0,0,0.3
2,S1,H2,feller_buncher,34,569.2426810000001,24.0,0.0,53.24,0,0,24.0,1.0,0.0,0,0.3
2,S1,H3,grapple_skidder,34,932.6584309,24.0,0.0,0.0,0,0,24.0,1.0,0.0,0,0.3
3,S1,H3,grapple_skidder,34,1074.4208099999998,24.0,0.0,0.0,0,0,24.0,1.0,0.0,0,0.0
3,S1,H5,processor,34,531.895933,24.0,0.0,0.0,0,0,24.0,1.0,0.0,0,0.0
4,S1,H3,grapple_skidder,34,1405.5389285,24.0,0.0,53.24,1,0,24.0,1.0,0.0,0,0.0
4,S1,H4,processor,34,531.895933,24.0,0.0,0.0,0,0,24.0,1.0,0.0,0,0.0
4,S1,H5,processor,34,531.895933,24.0,0.0,0.0,0,0,24.0,1.0,0.0,0,0.0
4,S1,H6,processor,34,279.2062649999998,24.0,0.0,0.0,0,0,24.0,1.0,0.0,0,0.0
4,S1,H7,loader,34,531.895933,24.0,0.0,0.0,1,0,24.0,1.0,0.0,0,0.0
5,S1,H3,grapple_skidder,34,0.0,24.0,0.0,0.0,1,0,24.0,1.0,0.0,0,0.0
5,S1,H4,processor,34,569.826226,24.0,0.0,53.24,0,0,24.0,1.0,0.0,0,0.0
5,S1,H5,processor,34,569.826226,24.0,0.0,53.24,0,0,24.0,1.0,0.0,0,0.0
5,S1,H7,loader,34,802.411354,24.0,0.0,0.0,0,0,24.0,1.0,0.0,0,0.0
5,S1,H8,loader,34,540.5867769999999,24.0,0.0,0.0,1,0,24.0,1.0,0.0,0,0.0
6,S1,H5,processor,34,265.8864765000001,24.0,0.0,0.0,1,0,24.0,1.0,0.0,0,0.0
6,S1,H7,loader,34,937.184825,24.0,0.0,53.24,0,0,24.0,1.0,0.0,0,0.0
7,S1,H7,loader,34,468.35410350000006,24.0,0.0,0.0,1,0,24.0,1.0,0.0,0,0.0
7,S1,H8,loader,34,0.0,24.0,0.0,53.24,1,0,24.0,1.0,0.0,0,0.0
1,S1,H1,feller_buncher,35,1220.906942,24.0,0.0,0.0,0,0,24.0,1.0,0.0,0,0.0
1,S1,H2,feller_buncher,35,1185.8830549999998,24.0,0.0,0.0,0,0,24.0,1.0,0.0,0,0.0
2,S1,H1,feller_buncher,35,1194.708925,24.0,0.0,53.24,0,0,24.0,1.0,0.0,0,0.0
2,S1,H2,feller_buncher,35,813.2038300000002,24.0,0.0,53.24,0,0,24.0,1.0,0.0,0,0.0
2,S1,H3,grapple_skidder,35,1332.369187,24.0,0.0,0.0,0,0,24.0,1.0,0.0,0,0.0
3,S1,H3,grapple_skidder,35,1074.4208099999998,24.0,0.0,0.0,0,0,24.0,1.0,0.0,0,0.0
3,S1,H4,processor,35,531.895933,24.0,0.0,0.0,0,0,24.0,1.0,0.0,0,0.0
3,S1,H5,processor,35,531.895933,24.0,0.0,0.0,0,0,24.0,1.0,0.0,0,0.0
4,S1,H3,grapple_skidder,35,1480.641393,24.0,0.0,53.24,0,0,24.0,1.0,0.0,0,0.0
4,S1,H4,processor,35,531.895933,24.0,0.0,0.0,0,0,24.0,1.0,0.0,0,0.0
4,S1,H5,processor,35,531.895933,24.0,0.0,0.0,0,0,24.0,1.0,0.0,0,0.0
4,S1,H6,processor,35,279.2062649999998,24.0,0.0,0.0,0,0,24.0,1.0,0.0,0,0.0
4,S1,H7,loader,35,802.411354,24.0,0.0,0.0,0,0,24.0,1.0,0.0,0,0.0
5,S1,H3,grapple_skidder,35,527.271362,24.0,0.0,0.0,0,0,24.0,1.0,0.0,0,0.0
5,S1,H4,processor,35,569.826226,24.0,0.0,53.24,0,0,24.0,1.0,0.0,0,0.0
5,S1,H5,processor,35,569.826226,24.0,0.0,53.24,0,0,24.0,1.0,0.0,0,0.0
5,S1,H7,loader,35,802.411354,24.0,0.0,0.0,0,0,24.0,1.0,0.0,0,0.0
5,S1,H8,loader,35,801.967289,24.0,0.0,0.0,0,0,24.0,1.0,0.0,0,0.0
6,S1,H4,processor,35,569.826226,24.0,0.0,0.0,0,0,24.0,1.0,0.0,0,0.0
6,S1,H5,processor,35,298.434077,24.0,0.0,0.0,0,0,24.0,1.0,0.0,0,0.0
6,S1,H7,loader,35,937.184825,24.0,0.0,53.24,0,0,24.0,1.0,0.0,0,0.0
7,S1,H7,loader,35,937.184825,24.0,0.0,0.0,0,0,24.0,1.0,0.0,0,0.0
7,S1,H8,loader,35,133.54310499999997,24.0,0.0,53.24,0,0,24.0,1.0,0.0,0,0.0
1,S1,H1,feller_buncher,36,1220.906942,24.0,0.0,0.0,0,0,24.0,1.0,0.0,0,0.0
1,S1,H2,feller_buncher,36,1185.8830549999998,24.0,0.0,0.0,0,0,24.0,1.0,0.0,0,0.0
2,S1,H1,feller_buncher,36,1194.708925,24.0,0.0,53.24,0,0,24.0,1.0,0.0,0,0.0
2,S1,H2,feller_buncher,36,813.2038300000002,24.0,0.0,53.24,0,0,24.0,1.0,0.0,0,0.0
2,S1,H3,grapple_skidder,36,1332.369187,24.0,0.0,0.0,0,0,24.0,1.0,0.0,0,0.0
3,S1,H3,grapple_skidder,36,1074.4208099999998,24.0,0.0,0.0,0,0,24.0,1.0,0.0,0,0.0
3,S1,H4,processor,36,531.895933,24.0,0.0,0.0,0,0,24.0,1.0,0.0,0,0.0
3,S1,H5,processor,36,531.895933,24.0,0.0,0.0,0,0,24.0,1.0,0.0,0,0.0
4,S1,H3,grapple_skidder,36,1480.641393,24.0,0.0,53.24,0,0,24.0,1.0,0.0,0,0.0
4,S1,H4,processor,36,531.895933,24.0,0.0,0.0,0,0,24.0,1.0,0.0,0,0.0
4,S1,H5,processor,36,531.895933,24.0,0.0,0.0,0,0,24.0,1.0,0.0,0,0.0
4,S1,H6,processor,36,279.2062649999998,24.0,0.0,0.0,0,0,24.0,1.0,0.0,0,0.0
4,S1,H7,loader,36,802.411354,24.0,0.0,0.0,0,0,24.0,1.0,0.0,0,0.0
5,S1,H3,grapple_skidder,36,527.271362,24.0,0.0,0.0,0,0,24.0,1.0,0.0,0,0.0
5,S1,H4,processor,36,569.826226,24.0,0.0,53.24,0,0,24.0,1.0,0.0,0,0.0
5,S1,H5,processor,36,569.826226,24.0,0.0,53.24,0,0,24.0,1.0,0.0,0,0.0
5,S1,H7,loader,36,802.411354,24.0,0.0,0.0,0,0,24.0,1.0,0.0,0,0.0
5,S1,H8,loader,36,801.967289,24.0,0.0,0.0,0,0,24.0,1.0,0.0,0,0.0
6,S1,H4,processor,36,569.826226,24.0,0.0,0.0,0,0,24.0,1.0,0.0,0,0.0
6,S1,H5,processor,36,298.434077,24.0,0.0,0.0,0,0,24.0,1.0,0.0,0,0.0
6,S1,H7,loader,36,937.184825,24.0,0.0,53.24,0,0,24.0,1.0,0.0,0,0.0
7,S1,H7,loader,36,937.184825,24.0,0.0,0.0,0,0,24.0,1.0,0.0,0,0.0
7,S1,H8,loader,36,133.54310499999997,24.0,0.0,53.24,0,0,24.0,1.0,0.0,0,0.0
1,S1,H1,feller_buncher,37,1220.906942,24.0,0.0,0.0,0,0,24.0,1.0,0.0,0,0.0
1,S1,H2,feller_buncher,37,1185.8830549999998,24.0,0.0,0.0,0,0,24.0,1.0,0.0,0,0.0
2,S1,H1,feller_buncher,37,1194.708925,24.0,0.0,53.24,0,0,24.0,1.0,0.0,0,0.0
2,S1,H2,feller_buncher,37,813.2038300000002,24.0,0.0,53.24,0,0,24.0,1.0,0.0,0,0.0
2,S1,H3,grapple_skidder,37,1332.369187,24.0,0.0,0.0,0,0,24.0,1.0,0.0,0,0.0
3,S1,H3,grapple_skidder,37,1074.4208099999998,24.0,0.0,0.0,0,0,24.0,1.0,0.0,0,0.0
3,S1,H4,processor,37,531.895933,24.0,0.0,0.0,0,0,24.0,1.0,0.0,0,0.0
4,S1,H3,grapple_skidder,37,1480.641393,24.0,0.0,53.24,0,0,24.0,1.0,0.0,0,0.0
4,S1,H4,processor,37,531.895933,24.0,0.0,0.0,0,0,24.0,1.0,0.0,0,0.0
4,S1,H5,processor,37,531.895933,24.0,0.0,0.0,0,0,24.0,1.0,0.0,0,0.0
4,S1,H6,processor,37,279.2062649999998,24.0,0.0,0.0,0,0,24.0,1.0,0.0,0,0.0
4,S1,H7,loader,37,531.895933,24.0,0.0,0.0,1,0,24.0,1.0,0.0,0,0.0
5,S1,H3,grapple_skidder,37,527.271362,24.0,0.0,0.0,0,0,24.0,1.0,0.0,0,0.0
5,S1,H4,processor,37,569.826226,24.0,0.0,53.24,0,0,24.0,1.0,0.0,0,0.0
5,S1,H5,processor,37,569.826226,24.0,0.0,53.24,0,0,24.0,1.0,0.0,0,0.0
5,S1,H7,loader,37,802.411354,24.0,0.0,0.0,0,0,24.0,1.0,0.0,0,0.0
5,S1,H8,loader,37,540.5867769999999,24.0,0.0,0.0,1,0,24.0,1.0,0.0,0,0.0
6,S1,H4,processor,37,569.826226,24.0,0.0,0.0,0,0,24.0,1.0,0.0,0,0.0
6,S1,H5,processor,37,298.434077,24.0,0.0,0.0,0,0,24.0,1.0,0.0,0,0.0
6,S1,H7,loader,37,937.184825,24.0,0.0,53.24,0,0,24.0,1.0,0.0,0,0.0
7,S1,H7,loader,37,937.184825,24.0,0.0,0.0,0,0,24.0,1.0,0.0,0,0.0
1,S1,H1,feller_buncher,38,1220.906942,24.0,0.0,0.0,0,0,24.0,1.0,0.0,0,0.0
1,S1,H2,feller_buncher,38,1185.8830549999998,24.0,0.0,0.0,0,0,24.0,1.0,0.0,0,0.0
2,S1,H1,feller_buncher,38,1194.708925,24.0,0.0,53.24,0,0,24.0,1.0,0.0,0,0.0
2,S1,H2,feller_buncher,38,813.2038300000002,24.0,0.0,53.24,0,0,24.0,1.0,0.0,0,0.0
2,S1,H3,grapple_skidder,38,1332.369187,24.0,0.0,0.0,0,0,24.0,1.0,0.0,0,0.0
3,S1,H3,grapple_skidder,38,1074.4208099999998,24.0,0.0,0.0,0,0,24.0,1.0,0.0,0,0.0
3,S1,H4,processor,38,531.895933,24.0,0.0,0.0,0,0,24.0,1.0,0.0,0,0.0
3,S1,H5,processor,38,531.895933,24.0,0.0,0.0,0,0,24.0,1.0,0.0,0,0.0
4,S1,H3,grapple_skidder,38,1480.641393,24.0,0.0,53.24,0,0,24.0,1.0,0.0,0,0.0
4,S1,H4,processor,38,531.895933,24.0,0.0,0.0,0,0,24.0,1.0,0.0,0,0.0
4,S1,H5,processor,38,531.895933,24.0,0.0,0.0,0,0,24.0,1.0,0.0,0,0.0
4,S1,H6,processor,38,279.2062649999998,24.0,0.0,0.0,0,0,24.0,1.0,0.0,0,0.0
4,S1,H7,loader,38,802.411354,24.0,0.0,0.0,0,0,24.0,1.0,0.0,0,0.0
5,S1,H3,grapple_skidder,38,527.271362,24.0,0.0,0.0,0,0,24.0,1.0,0.0,0,0.0
5,S1,H4,processor,38,569.826226,24.0,0.0,53.24,0,0,24.0,1.0,0.0,0,0.0
5,S1,H5,processor,38,569.826226,24.0,0.0,53.24,0,0,24.0,1.0,0.0,0,0.0
5,S1,H7,loader,38,802.411354,24.0,0.0,0.0,0,0,24.0,1.0,0.0,0,0.0
6,S1,H4,processor,38,569.826226,24.0,0.0,0.0,0,0,24.0,1.0,0.0,0,0.0
6,S1,H5,processor,38,298.434077,24.0,0.0,0.0,0,0,24.0,1.0,0.0,0,0.0
6,S1,H7,loader,38,937.184825,24.0,0.0,53.24,0,0,24.0,1.0,0.0,0,0.0
7,S1,H7,loader,38,937.184825,24.0,0.0,0.0,0,0,24.0,1.0,0.0,0,0.0
7,S1,H8,loader,38,133.54310499999997,24.0,0.0,0.0,0,0,24.0,1.0,0.0,0,0.0
1,S1,H1,feller_buncher,39,1220.906942,24.0,0.0,0.0,0,0,24.0,1.0,0.0,0,0.0
1,S1,H2,feller_buncher,39,1185.8830549999998,24.0,0.0,0.0,0,0,24.0,1.0,0.0,0,0.0
2,S1,H1,feller_buncher,39,1194.708925,24.0,0.0,53.24,0,0,24.0,1.0,0.0,0,0.0
2,S1,H2,feller_buncher,39,813.2038300000002,24.0,0.0,53.24,0,0,24.0,1.0,0.0,0,0.0
3,S1,H3,grapple_skidder,39,1074.4208099999998,24.0,0.0,0.0,0,0,24.0,1.0,0.0,0,0.0
3,S1,H4,processor,39,0.0,24.0,0.0,0.0,1,0,24.0,1.0,0.0,0,0.0
3,S1,H5,processor,39,0.0,24.0,0.0,0.0,1,0,24.0,1.0,0.0,0,0.0
4,S1,H3,grapple_skidder,39,1480.641393,24.0,0.0,53.24,0,0,24.0,1.0,0.0,0,0.0
4,S1,H4,processor,39,531.895933,24.0,0.0,0.0,0,0,24.0,1.0,0.0,0,0.0
4,S1,H5,processor,39,531.895933,24.0,0.0,0.0,0,0,24.0,1.0,0.0,0,0.0
4,S1,H6,processor,39,10.62894399999982,24.0,0.0,0.0,1,0,24.0,1.0,0.0,0,0.0
4,S1,H7,loader,39,0.0,24.0,0.0,0.0,1,0,24.0,1.0,0.0,0,0.0
5,S1,H3,grapple_skidder,39,527.271362,24.0,0.0,0.0,0,0,24.0,1.0,0.0,0,0.0
5,S1,H5,processor,39,569.826226,24.0,0.0,53.24,0,0,24.0,1.0,0.0,0,0.0
5,S1,H7,loader,39,802.411354,24.0,0.0,0.0,0,0,24.0,1.0,0.0,0,0.0
5,S1,H8,loader,39,272.0094559999999,24.0,0.0,0.0,1,0,24.0,1.0,0.0,0,0.0
6,S1,H4,processor,39,569.826226,24.0,0.0,53.24,0,0,24.0,1.0,0.0,0,0.0
6,S1,H5,processor,39,298.434077,24.0,0.0,0.0,0,0,24.0,1.0,0.0,0,0.0
7,S1,H7,loader,39,937.184825,24.0,0.0,53.24,0,0,24.0,1.0,0.0,0,0.0
7,S1,H8,loader,39,133.54310499999997,24.0,0.0,53.24,0,0,24.0,1.0,0.0,0,0.0
1,S1,H1,feller_buncher,40,1220.906942,24.0,0.0,0.0,0,0,24.0,1.0,0.0,0,0.0
2,S1,H1,feller_buncher,40,1194.708925,24.0,0.0,53.24,0,0,24.0,1.0,0.0,0,0.0
2,S1,H2,feller_buncher,40,813.2038300000002,24.0,0.0,0.0,0,0,24.0,1.0,0.0,0,0.0
2,S1,H3,grapple_skidder,40,1220.906942,24.0,0.0,0.0,1,0,24.0,1.0,0.0,0,0.0
3,S1,H3,grapple_skidder,40,0.0,24.0,0.0,0.0,1,0,24.0,1.0,0.0,0,0.0
3,S1,H4,processor,40,531.895933,24.0,0.0,0.0,0,0,24.0,1.0,0.0,0,0.0
3,S1,H5,processor,40,531.895933,24.0,0.0,0.0,0,0,24.0,1.0,0.0,0,0.0
4,S1,H3,grapple_skidder,40,1480.641393,24.0,0.0,53.24,0,0,24.0,1.0,0.0,0,0.0
4,S1,H4,processor,40,157.11507600000004,24.0,0.0,0.0,1,0,24.0,1.0,0.0,0,0.0
4,S1,H5,processor,40,0.0,24.0,0.0,0.0,1,0,24.0,1.0,0.0,0,0.0
4,S1,H6,processor,40,0.0,24.0,0.0,0.0,1,0,24.0,1.0,0.0,0,0.0
4,S1,H7,loader,40,802.411354,24.0,0.0,0.0,0,0,24.0,1.0,0.0,0,0.0
5,S1,H3,grapple_skidder,40,527.271362,24.0,0.0,0.0,0,0,24.0,1.0,0.0,0,0.0
5,S1,H4,processor,40,569.826226,24.0,0.0,53.24,0,0,24.0,1.0,0.0,0,0.0
5,S1,H5,processor,40,569.826226,24.0,0.0,53.24,0,0,24.0,1.0,0.0,0,0.0
5,S1,H7,loader,40,418.4955880000001,24.0,0.0,0.0,1,0,24.0,1.0,0.0,0,0.0
5,S1,H8,loader,40,0.0,24.0,0.0,0.0,1,0,24.0,1.0,0.0,0,0.0
6,S1,H4,processor,40,569.826226,24.0,0.0,0.0,0,0,24.0,1.0,0.0,0,0.0
6,S1,H5,processor,40,298.434077,24.0,0.0,0.0,0,0,24.0,1.0,0.0,0,0.0
6,S1,H7,loader,40,937.184825,24.0,0.0,53.24,0,0,24.0,1.0,0.0,0,0.0
7,S1,H7,loader,40,937.184825,24.0,0.0,0.0,0,0,24.0,1.0,0.0,0,0.0
7,S1,H8,loader,40,133.54310499999997,24.0,0.0,53.24,0,0,24.0,1.0,0.0,0,0.0
1,S1,H1,feller_buncher,41,1220.906942,24.0,0.0,0.0,0,0,24.0,1.0,0.0,0,0.0
1,S1,H2,feller_buncher,41,1185.8830549999998,24.0,0.0,0.0,0,0,24.0,1.0,0.0,0,0.0
2,S1,H1,feller_buncher,41,1194.708925,24.0,0.0,53.24,0,0,24.0,1.0,0.0,0,0.0
2,S1,H2,feller_buncher,41,813.2038300000002,24.0,0.0,53.24,0,0,24.0,1.0,0.0,0,0.0
2,S1,H3,grapple_skidder,41,1332.369187,24.0,0.0,0.0,0,0,24.0,1.0,0.0,0,0.0
3,S1,H3,grapple_skidder,41,1074.4208099999998,24.0,0.0,0.0,0,0,24.0,1.0,0.0,0,0.0
3,S1,H4,processor,41,531.895933,24.0,0.0,0.0,0,0,24.0,1.0,0.0,0,0.0
4,S1,H3,grapple_skidder,41,1480.641393,24.0,0.0,53.24,0,0,24.0,1.0,0.0,0,0.0
4,S1,H4,processor,41,531.895933,24.0,0.0,0.0,0,0,24.0,1.0,0.0,0,0.0
4,S1,H5,processor,41,531.895933,24.0,0.0,0.0,0,0,24.0,1.0,0.0,0,0.0
4,S1,H6,processor,41,279.2062649999998,24.0,0.0,0.0,0,0,24.0,1.0,0.0,0,0.0
5,S1,H3,grapple_skidder,41,527.271362,24.0,0.0,0.0,0,0,24.0,1.0,0.0,0,0.0
5,S1,H4,processor,41,569.826226,24.0,0.0,53.24,0,0,24.0,1.0,0.0,0,0.0
5,S1,H5,processor,41,569.826226,24.0,0.0,53.24,0,0,24.0,1.0,0.0,0,0.0
5,S1,H7,loader,41,802.411354,24.0,0.0,0.0,0,0,24.0,1.0,0.0,0,0.0
5,S1,H8,loader,41,801.967289,24.0,0.0,0.0,0,0,24.0,1.0,0.0,0,0.0
6,S1,H4,processor,41,569.826226,24.0,0.0,0.0,0,0,24.0,1.0,0.0,0,0.0
6,S1,H5,processor,41,298.434077,24.0,0.0,0.0,0,0,24.0,1.0,0.0,0,0.0
6,S1,H7,loader,41,937.184825,24.0,0.0,53.24,0,0,24.0,1.0,0.0,0,0.0
7,S1,H7,loader,41,656.0293775,24.0,0.0,0.0,0,0,24.0,1.0,0.0,0,0.3
7,S1,H8,loader,41,93.48017349999998,24.0,0.0,53.24,0,0,24.0,1.0,0.0,0,0.3
1,S1,H1,feller_buncher,42,660.5141019046242,24.0,0.0,0.0,0,0,24.0,1.0,0.0,0,0.0
1,S1,H2,feller_buncher,42,1185.8830549999998,24.0,0.0,0.0,0,0,24.0,1.0,0.0,0,0.0
2,S1,H1,feller_buncher,42,1194.708925,24.0,0.0,53.24,0,0,24.0,1.0,0.0,0,0.0
2,S1,H2,feller_buncher,42,813.2038300000002,24.0,0.0,53.24,0,0,24.0,1.0,0.0,0,0.0
2,S1,H3,grapple_skidder,42,1332.369187,24.0,0.0,0.0,0,0,24.0,1.0,0.0,0,0.0
3,S1,H3,grapple_skidder,42,514.0279699046239,24.0,0.0,0.0,1,0,24.0,1.0,0.0,0,0.0
3,S1,H4,processor,42,531.895933,24.0,0.0,0.0,0,0,24.0,1.0,0.0,0,0.0
3,S1,H5,processor,42,531.895933,24.0,0.0,0.0,0,0,24.0,1.0,0.0,0,0.0
4,S1,H3,grapple_skidder,42,1036.4489751,24.0,0.0,53.24,0,0,24.0,1.0,0.0,0,0.3
4,S1,H4,processor,42,372.3271531,24.0,0.0,0.0,0,0,24.0,1.0,0.0,0,0.3
4,S1,H5,processor,42,372.3271531,24.0,0.0,0.0,0,0,24.0,1.0,0.0,0,0.3
4,S1,H6,processor,42,37.95098470462392,24.0,0.0,0.0,1,0,24.0,1.0,0.0,0,0.3
4,S1,H7,loader,42,561.6879478,24.0,0.0,0.0,0,0,24.0,1.0,0.0,0,0.3
5,S1,H3,grapple_skidder,42,527.271362,24.0,0.0,0.0,0,0,24.0,1.0,0.0,0,0.0
5,S1,H4,processor,42,569.826226,24.0,0.0,53.24,0,0,24.0,1.0,0.0,0,0.0
5,S1,H5,processor,42,466.6227491000001,24.0,0.0,53.24,1,0,24.0,1.0,0.0,0,0.0
5,S1,H7,loader,42,802.411354,24.0,0.0,0.0,0,0,24.0,1.0,0.0,0,0.0
5,S1,H8,loader,42,482.29785510462386,24.0,0.0,0.0,1,0,24.0,1.0,0.0,0,0.0
6,S1,H4,processor,42,527.271362,24.0,0.0,0.0,1,0,24.0,1.0,0.0,0,0.0
6,S1,H5,processor,42,0.0,24.0,0.0,0.0,1,0,24.0,1.0,0.0,0,0.0
6,S1,H7,loader,42,937.184825,24.0,0.0,53.24,0,0,24.0,1.0,0.0,0,0.0
7,S1,H7,loader,42,626.5355121,24.0,0.0,0.0,1,0,24.0,1.0,0.0,0,0.3
7,S1,H8,loader,42,0.0,24.0,0.0,53.24,1,0,24.0,1.0,0.0,0,0.3
1,S1,H1,feller_buncher,43,1220.906942,24.0,0.0,0.0,0,0,24.0,1.0,0.0,0,0.0
1,S1,H2,feller_buncher,43,1185.8830549999998,24.0,0.0,0.0,0,0,24.0,1.0,0.0,0,0.0
2,S1,H1,feller_buncher,43,1194.708925,24.0,0.0,53.24,0,0,24.0,1.0,0.0,0,0.0
2,S1,H2,feller_buncher,43,813.2038300000002,24.0,0.0,53.24,0,0,24.0,1.0,0.0,0,0.0
2,S1,H3,grapple_skidder,43,1332.369187,24.0,0.0,0.0,0,0,24.0,1.0,0.0,0,0.0
3,S1,H3,grapple_skidder,43,1074.4208099999998,24.0,0.0,0.0,0,0,24.0,1.0,0.0,0,0.0
3,S1,H4,processor,43,531.895933,24.0,0.0,0.0,0,0,24.0,1.0,0.0,0,0.0
3,S1,H5,processor,43,531.895933,24.0,0.0,0.0,0,0,24.0,1.0,0.0,0,0.0
4,S1,H3,grapple_skidder,43,1480.641393,24.0,0.0,53.24,0,0,24.0,1.0,0.0,0,0.0
4,S1,H4,processor,43,531.895933,24.0,0.0,0.0,0,0,24.0,1.0,0.0,0,0.0
4,S1,H5,processor,43,531.895933,24.0,0.0,0.0,0,0,24.0,1.0,0.0,0,0.0
4,S1,H6,processor,43,279.2062649999998,24.0,0.0,0.0,0,0,24.0,1.0,0.0,0,0.0
4,S1,H7,loader,43,802.411354,24.0,0.0,0.0,0,0,24.0,1.0,0.0,0,0.0
5,S1,H3,grapple_skidder,43,527.271362,24.0,0.0,0.0,0,0,24.0,1.0,0.0,0,0.0
5,S1,H4,processor,43,569.826226,24.0,0.0,53.24,0,0,24.0,1.0,0.0,0,0.0
5,S1,H8,loader,43,801.967289,24.0,0.0,0.0,0,0,24.0,1.0,0.0,0,0.0
6,S1,H4,processor,43,569.826226,24.0,0.0,0.0,0,0,24.0,1.0,0.0,0,0.0
6,S1,H5,processor,43,298.434077,24.0,0.0,53.24,0,0,24.0,1.0,0.0,0,0.0
6,S1,H7,loader,43,569.826226,24.0,0.0,53.24,1,0,24.0,1.0,0.0,0,0.0
7,S1,H7,loader,43,656.0293775,24.0,0.0,0.0,0,0,24.0,1.0,0.0,0,0.3
7,S1,H8,loader,43,93.48017349999998,24.0,0.0,53.24,0,0,24.0,1.0,0.0,0,0.3
1,S1,H1,feller_buncher,44,1220.906942,24.0,0.0,0.0,0,0,24.0,1.0,0.0,0,0.0
1,S1,H2,feller_buncher,44,1185.8830549999998,24.0,0.0,0.0,0,0,24.0,1.0,0.0,0,0.0
2,S1,H1,feller_buncher,44,1194.708925,24.0,0.0,53.24,0,0,24.0,1.0,0.0,0,0.0
2,S1,H2,feller_buncher,44,813.2038300000002,24.0,0.0,53.24,0,0,24.0,1.0,0.0,0,0.0
2,S1,H3,grapple_skidder,44,1332.369187,24.0,0.0,0.0,0,0,24.0,1.0,0.0,0,0.0
3,S1,H3,grapple_skidder,44,1074.4208099999998,24.0,0.0,0.0,0,0,24.0,1.0,0.0,0,0.0
3,S1,H4,processor,44,531.895933,24.0,0.0,0.0,0,0,24.0,1.0,0.0,0,0.0
3,S1,H5,processor,44,531.895933,24.0,0.0,0.0,0,0,24.0,1.0,0.0,0,0.0
4,S1,H3,grapple_skidder,44,1480.641393,24.0,0.0,53.24,0,0,24.0,1.0,0.0,0,0.0
4,S1,H4,processor,44,531.895933,24.0,0.0,0.0,0,0,24.0,1.0,0.0,0,0.0
4,S1,H5,processor,44,531.895933,24.0,0.0,0.0,0,0,24.0,1.0,0.0,0,0.0
4,S1,H6,processor,44,279.2062649999998,24.0,0.0,0.0,0,0,24.0,1.0,0.0,0,0.0
4,S1,H7,loader,44,802.411354,24.0,0.0,0.0,0,0,24.0,1.0,0.0,0,0.0
5,S1,H3,grapple_skidder,44,527.271362,24.0,0.0,0.0,0,0,24.0,1.0,0.0,0,0.0
5,S1,H4,processor,44,569.826226,24.0,0.0,53.24,0,0,24.0,1.0,0.0,0,0.0
5,S1,H5,processor,44,569.826226,24.0,0.0,53.24,0,0,24.0,1.0,0.0,0,0.0
5,S1,H7,loader,44,802.411354,24.0,0.0,0.0,0,0,24.0,1.0,0.0,0,0.0
5,S1,H8,loader,44,801.967289,24.0,0.0,0.0,0,0,24.0,1.0,0.0,0,0.0
6,S1,H4,processor,44,569.826226,24.0,0.0,0.0,0,0,24.0,1.0,0.0,0,0.0
6,S1,H5,processor,44,298.434077,24.0,0.0,0.0,0,0,24.0,1.0,0.0,0,0.0
6,S1,H7,loader,44,937.184825,24.0,0.0,53.24,0,0,24.0,1.0,0.0,0,0.0
7,S1,H7,loader,44,937.184825,24.0,0.0,0.0,0,0,24.0,1.0,0.0,0,0.0
7,S1,H8,loader,44,133.54310499999997,24.0,0.0,53.24,0,0,24.0,1.0,0.0,0,0.0
1,S1,H1,feller_buncher,45,1220.906942,24.0,0.0,0.0,0,0,24.0,1.0,0.0,0,0.0
2,S1,H1,feller_buncher,45,1194.708925,24.0,0.0,53.24,0,0,24.0,1.0,0.0,0,0.0
2,S1,H2,feller_buncher,45,813.2038300000002,24.0,0.0,0.0,0,0,24.0,1.0,0.0,0,0.0
2,S1,H3,grapple_skidder,45,1220.906942,24.0,0.0,0.0,1,0,24.0,1.0,0.0,0,0.0
3,S1,H3,grapple_skidder,45,0.0,24.0,0.0,0.0,1,0,24.0,1.0,0.0,0,0.0
3,S1,H4,processor,45,531.895933,24.0,0.0,0.0,0,0,24.0,1.0,0.0,0,0.0
3,S1,H5,processor,45,531.895933,24.0,0.0,0.0,0,0,24.0,1.0,0.0,0,0.0
4,S1,H3,grapple_skidder,45,1480.641393,24.0,0.0,53.24,0,0,24.0,1.0,0.0,0,0.0
4,S1,H4,processor,45,157.11507600000004,24.0,0.0,0.0,1,0,24.0,1.0,0.0,0,0.0
4,S1,H5,processor,45,0.0,24.0,0.0,0.0,1,0,24.0,1.0,0.0,0,0.0
4,S1,H6,processor,45,0.0,24.0,0.0,0.0,1,0,24.0,1.0,0.0,0,0.0
5,S1,H3,grapple_skidder,45,527.271362,24.0,0.0,0.0,0,0,24.0,1.0,0.0,0,0.0
5,S1,H4,processor,45,569.826226,24.0,0.0,53.24,0,0,24.0,1.0,0.0,0,0.0
5,S1,H5,processor,45,569.826226,24.0,0.0,53.24,0,0,24.0,1.0,0.0,0,0.0
5,S1,H8,loader,45,801.967289,24.0,0.0,0.0,0,0,24.0,1.0,0.0,0,0.0
6,S1,H4,processor,45,398.8783582,24.0,0.0,0.0,0,0,24.0,1.0,0.0,0,0.3
6,S1,H5,processor,45,208.9038539,24.0,0.0,0.0,0,0,24.0,1.0,0.0,0,0.3
7,S1,H7,loader,45,937.184825,24.0,0.0,0.0,0,0,24.0,1.0,0.0,0,0.0
7,S1,H8,loader,45,133.54310499999997,24.0,0.0,53.24,0,0,24.0,1.0,0.0,0,0.0
1,S1,H1,feller_buncher,46,1220.906942,24.0,0.0,0.0,0,0,24.0,1.0,0.0,0,0.0
1,S1,H2,feller_buncher,46,1185.8830549999998,24.0,0.0,0.0,0,0,24.0,1.0,0.0,0,0.0
2,S1,H1,feller_buncher,46,1194.708925,24.0,0.0,53.24,0,0,24.0,1.0,0.0,0,0.0
2,S1,H2,feller_buncher,46,813.2038300000002,24.0,0.0,53.24,0,0,24.0,1.0,0.0,0,0.0
2,S1,H3,grapple_skidder,46,1332.369187,24.0,0.0,0.0,0,0,24.0,1.0,0.0,0,0.0
3,S1,H3,grapple_skidder,46,1074.4208099999998,24.0,0.0,0.0,0,0,24.0,1.0,0.0,0,0.0
3,S1,H4,processor,46,531.895933,24.0,0.0,0.0,0,0,24.0,1.0,0.0,0,0.0
3,S1,H5,processor,46,531.895933,24.0,0.0,0.0,0,0,24.0,1.0,0.0,0,0.0
4,S1,H3,grapple_skidder,46,1480.641393,24.0,0.0,53.24,0,0,24.0,1.0,0.0,0,0.0
4,S1,H4,processor,46,531.895933,24.0,0.0,0.0,0,0,24.0,1.0,0.0,0,0.0
4,S1,H5,processor,46,531.895933,24.0,0.0,0.0,0,0,24.0,1.0,0.0,0,0.0
4,S1,H6,processor,46,279.2062649999998,24.0,0.0,0.0,0,0,24.0,1.0,0.0,0,0.0
4,S1,H7,loader,46,802.411354,24.0,0.0,0.0,0,0,24.0,1.0,0.0,0,0.0
5,S1,H3,grapple_skidder,46,527.271362,24.0,0.0,0.0,0,0,24.0,1.0,0.0,0,0.0
5,S1,H4,processor,46,569.826226,24.0,0.0,53.24,0,0,24.0,1.0,0.0,0,0.0
5,S1,H5,processor,46,569.826226,24.0,0.0,53.24,0,0,24.0,1.0,0.0,0,0.0
5,S1,H7,loader,46,802.411354,24.0,0.0,0.0,0,0,24.0,1.0,0.0,0,0.0
5,S1,H8,loader,46,801.967289,24.0,0.0,0.0,0,0,24.0,1.0,0.0,0,0.0
6,S1,H4,processor,46,569.826226,24.0,0.0,0.0,0,0,24.0,1.0,0.0,0,0.0
6,S1,H5,processor,46,298.434077,24.0,0.0,0.0,0,0,24.0,1.0,0.0,0,0.0
6,S1,H7,loader,46,937.184825,24.0,0.0,53.24,0,0,24.0,1.0,0.0,0,0.0
7,S1,H7,loader,46,937.184825,24.0,0.0,0.0,0,0,24.0,1.0,0.0,0,0.0
7,S1,H8,loader,46,133.54310499999997,24.0,0.0,53.24,0,0,24.0,1.0,0.0,0,0.0
1,S1,H1,feller_buncher,47,1220.906942,24.0,0.0,0.0,0,0,24.0,1.0,0.0,0,0.0
1,S1,H2,feller_buncher,47,1185.8830549999998,24.0,0.0,0.0,0,0,24.0,1.0,0.0,0,0.0
2,S1,H1,feller_buncher,47,1194.708925,24.0,0.0,53.24,0,0,24.0,1.0,0.0,0,0.0
2,S1,H2,feller_buncher,47,813.2038300000002,24.0,0.0,53.24,0,0,24.0,1.0,0.0,0,0.0
2,S1,H3,grapple_skidder,47,1332.369187,24.0,0.0,0.0,0,0,24.0,1.0,0.0,0,0.0
3,S1,H3,grapple_skidder,47,1074.4208099999998,24.0,0.0,0.0,0,0,24.0,1.0,0.0,0,0.0
3,S1,H5,processor,47,531.895933,24.0,0.0,0.0,0,0,24.0,1.0,0.0,0,0.0
4,S1,H3,grapple_skidder,47,1480.641393,24.0,0.0,53.24,0,0,24.0,1.0,0.0,0,0.0
4,S1,H4,processor,47,531.895933,24.0,0.0,0.0,0,0,24.0,1.0,0.0,0,0.0
4,S1,H5,processor,47,531.895933,24.0,0.0,0.0,0,0,24.0,1.0,0.0,0,0.0
4,S1,H6,processor,47,279.2062649999998,24.0,0.0,0.0,0,0,24.0,1.0,0.0,0,0.0
4,S1,H7,loader,47,531.895933,24.0,0.0,0.0,1,0,24.0,1.0,0.0,0,0.0
5,S1,H3,grapple_skidder,47,527.271362,24.0,0.0,0.0,0,0,24.0,1.0,0.0,0,0.0
5,S1,H4,processor,47,569.826226,24.0,0.0,53.24,0,0,24.0,1.0,0.0,0,0.0
5,S1,H7,loader,47,802.411354,24.0,0.0,0.0,0,0,24.0,1.0,0.0,0,0.0
5,S1,H8,loader,47,540.5867769999999,24.0,0.0,0.0,1,0,24.0,1.0,0.0,0,0.0
6,S1,H4,processor,47,569.826226,24.0,0.0,0.0,0,0,24.0,1.0,0.0,0,0.0
6,S1,H5,processor,47,298.434077,24.0,0.0,53.24,0,0,24.0,1.0,0.0,0,0.0
6,S1,H7,loader,47,569.826226,24.0,0.0,53.24,1,0,24.0,1.0,0.0,0,0.0
7,S1,H7,loader,47,868.260303,24.0,0.0,0.0,1,0,24.0,1.0,0.0,0,0.0
7,S1,H8,loader,47,0.0,24.0,0.0,53.24,1,0,24.0,1.0,0.0,0,0.0
1,S1,H1,feller_buncher,48,1220.906942,24.0,0.0,0.0,0,0,24.0,1.0,0.0,0,0.0
1,S1,H2,feller_buncher,48,1185.8830549999998,24.0,0.0,0.0,0,0,24.0,1.0,0.0,0,0.0
2,S1,H1,feller_buncher,48,1194.708925,24.0,0.0,53.24,0,0,24.0,1.0,0.0,0,0.0
2,S1,H2,feller_buncher,48,813.2038300000002,24.0,0.0,53.24,0,0,24.0,1.0,0.0,0,0.0
2,S1,H3,grapple_skidder,48,1332.369187,24.0,0.0,0.0,0,0,24.0,1.0,0.0,0,0.0
3,S1,H3,grapple_skidder,48,1074.4208099999998,24.0,0.0,0.0,0,0,24.0,1.0,0.0,0,0.0
3,S1,H4,processor,48,531.895933,24.0,0.0,0.0,0,0,24.0,1.0,0.0,0,0.0
3,S1,H5,processor,48,531.895933,24.0,0.0,0.0,0,0,24.0,1.0,0.0,0,0.0
4,S1,H3,grapple_skidder,48,1480.641393,24.0,0.0,53.24,0,0,24.0,1.0,0.0,0,0.0
4,S1,H4,processor,48,531.895933,24.0,0.0,0.0,0,0,24.0,1.0,0.0,0,0.0
4,S1,H5,processor,48,531.895933,24.0,0.0,0.0,0,0,24.0,1.0,0.0,0,0.0
4,S1,H6,processor,48,279.2062649999998,24.0,0.0,0.0,0,0,24.0,1.0,0.0,0,0.0
4,S1,H7,loader,48,802.411354,24.0,0.0,0.0,0,0,24.0,1.0,0.0,0,0.0
5,S1,H3,grapple_skidder,48,527.271362,24.0,0.0,0.0,0,0,24.0,1.0,0.0,0,0.0
5,S1,H4,processor,48,569.826226,24.0,0.0,53.24,0,0,24.0,1.0,0.0,0,0.0
5,S1,H5,processor,48,569.826226,24.0,0.0,53.24,0,0,24.0,1.0,0.0,0,0.0
5,S1,H7,loader,48,802.411354,24.0,0.0,0.0,0,0,24.0,1.0,0.0,0,0.0
5,S1,H8,loader,48,801.967289,24.0,0.0,0.0,0,0,24.0,1.0,0.0,0,0.0
6,S1,H4,processor,48,569.826226,24.0,0.0,0.0,0,0,24.0,1.0,0.0,0,0.0
6,S1,H5,processor,48,298.434077,24.0,0.0,0.0,0,0,24.0,1.0,0.0,0,0.0
6,S1,H7,loader,48,937.184825,24.0,0.0,53.24,0,0,24.0,1.0,0.0,0,0.0
7,S1,H7,loader,48,937.184825,24.0,0.0,0.0,0,0,24.0,1.0,0.0,0,0.0
7,S1,H8,loader,48,133.54310499999997,24.0,0.0,53.24,0,0,24.0,1.0,0.0,0,0.0
1,S1,H1,feller_buncher,49,1220.906942,24.0,0.0,0.0,0,0,24.0,1.0,0.0,0,0.0
1,S1,H2,feller_buncher,49,1185.8830549999998,24.0,0.0,0.0,0,0,24.0,1.0,0.0,0,0.0
2,S1,H1,feller_buncher,49,1194.708925,24.0,0.0,53.24,0,0,24.0,1.0,0.0,0,0.0
2,S1,H2,feller_buncher,49,813.2038300000002,24.0,0.0,53.24,0,0,24.0,1.0,0.0,0,0.0
2,S1,H3,grapple_skidder,49,1332.369187,24.0,0.0,0.0,0,0,24.0,1.0,0.0,0,0.0
3,S1,H3,grapple_skidder,49,1074.4208099999998,24.0,0.0,0.0,0,0,24.0,1.0,0.0,0,0.0
3,S1,H4,processor,49,531.895933,24.0,0.0,0.0,0,0,24.0,1.0,0.0,0,0.0
3,S1,H5,processor,49,531.895933,24.0,0.0,0.0,0,0,24.0,1.0,0.0,0,0.0
4,S1,H3,grapple_skidder,49,1480.641393,24.0,0.0,53.24,0,0,24.0,1.0,0.0,0,0.0
4,S1,H4,processor,49,531.895933,24.0,0.0,0.0,0,0,24.0,1.0,0.0,0,0.0
4,S1,H6,processor,49,279.2062649999998,24.0,0.0,0.0,0,0,24.0,1.0,0.0,0,0.0
4,S1,H7,loader,49,802.411354,24.0,0.0,0.0,0,0,24.0,1.0,0.0,0,0.0
5,S1,H3,grapple_skidder,49,369.08995339999996,24.0,0.0,0.0,0,0,24.0,1.0,0.0,0,0.3
5,S1,H4,processor,49,398.8783582,24.0,0.0,53.24,0,0,24.0,1.0,0.0,0,0.3
5,S1,H5,processor,49,398.8783582,24.0,0.0,53.24,0,0,24.0,1.0,0.0,0,0.3
5,S1,H7,loader,49,561.6879478,24.0,0.0,0.0,0,0,24.0,1.0,0.0,0,0.3
5,S1,H8,loader,49,510.7947621999998,24.0,0.0,0.0,1,0,24.0,1.0,0.0,0,0.3
6,S1,H4,processor,49,569.826226,24.0,0.0,0.0,0,0,24.0,1.0,0.0,0,0.0
6,S1,H5,processor,49,298.434077,24.0,0.0,0.0,0,0,24.0,1.0,0.0,0,0.0
6,S1,H7,loader,49,797.7567164,24.0,0.0,53.24,1,0,24.0,1.0,0.0,0,0.0
7,S1,H7,loader,49,868.260303,24.0,0.0,0.0,1,0,24.0,1.0,0.0,0,0.0
7,S1,H8,loader,49,0.0,24.0,0.0,53.24,1,0,24.0,1.0,0.0,0,0.0
